titles,author,timestamp,fetch_timestamp
Why Is Coinbase (COIN) Stock Soaring Today,StockStory,2025-06-24 15:18:45.023326,2025-06-24 15:50:45.024449
"Mastercard forms stablecoin pacts with Paxos, PayPal, Fiserv",American Banker,2025-06-24 14:59:45.026034,2025-06-24 15:50:45.026169
"Circle stock falls, snapping monster rally as Wall Street flags rising risk of stablecoin competition",Yahoo Finance,2025-06-24 14:50:45.027179,2025-06-24 15:50:45.027298
Coinbase Stock Leads S&P 500 Gainers as Crypto Trading Platform Keeps Rallying,Investopedia,2025-06-24 14:50:45.028295,2025-06-24 15:50:45.028410
Bitcoin Mining Difficulty to Drop the Most Since July 2021,CoinDesk,2025-06-24 13:50:45.029384,2025-06-24 15:50:45.029534
"Wall Street rallies as Iran tensions cool, expert calls panic sellers ‘uneducated'",TheStreet,2025-06-24 13:50:45.030526,2025-06-24 15:50:45.030659
"AVAX Gains 8%, but Faces Short-Term Resistance",CoinDesk,2025-06-24 13:50:45.031658,2025-06-24 15:50:45.031787
Okta's Cross App Access Expands Security Portfolio: Buy the Stock?,Zacks,2025-06-24 13:50:45.032833,2025-06-24 15:50:45.032968
"SOL Surges 8%, With Its CME Futures Volume Hitting an All-Time High",CoinDesk,2025-06-24 12:50:45.034023,2025-06-24 15:50:45.034144
"Pompliano’s ProCap Buys 3,724 Bitcoin After Raising $750M War Chest",CoinDesk,2025-06-24 12:50:45.035118,2025-06-24 15:50:45.035234
"SharpLink Gaming Boosts Ethereum Treasury to 188,478 ETH With $30M Purchase",CoinDesk,2025-06-24 12:50:45.036200,2025-06-24 15:50:45.036314
Mastercard Joins With Fiserv to Promote New Stablecoin,Investopedia,2025-06-24 12:50:45.037291,2025-06-24 15:50:45.037406
"TON Up 3% After Volatile Session, Establishing New Support Level",CoinDesk,2025-06-24 11:50:45.038368,2025-06-24 15:50:45.038481
"Polymarket nears Founders Fund-led funding at over $1 billion valuation, source says",Reuters,2025-06-24 11:50:45.039467,2025-06-24 15:50:45.039579
U.S. Senators Pitch New Crypto Market Structure Framework as Hearing Approaches,CoinDesk,2025-06-24 11:50:45.040554,2025-06-24 15:50:45.040665
XOMA Royalty (XOMA) Moves 9.0% Higher: Will This Strength Last?,Zacks,2025-06-24 11:50:45.041634,2025-06-24 15:50:45.041762
"Mastercard Expands Stablecoin Push With Paxos, Fiserv and PayPal Integrations",CoinDesk,2025-06-24 11:50:45.042702,2025-06-24 15:50:45.042831
"Chainlink, Mastercard Tie-Up to Let Nearly 3B Cardholders Buy Crypto On-Chain",CoinDesk,2025-06-24 11:50:45.043849,2025-06-24 15:50:45.043966
Nano Labs Stock Skyrockets on Plan to Buy $1 Billion of Binance Coin,Investopedia,2025-06-24 11:50:45.044941,2025-06-24 15:50:45.045056
A look at the major players in the crypto industry and their ties to Trump,Associated Press Finance,2025-06-24 10:50:45.046024,2025-06-24 15:50:45.046138
Are Investors Undervaluing CF Industries (CF) Right Now?,Zacks,2025-06-24 10:50:45.047124,2025-06-24 15:50:45.047244
Is the Rise of Stablecoins the End of Mastercard as We Know it?,Zacks,2025-06-24 10:50:45.048228,2025-06-24 15:50:45.048340
"CoinDesk 20 Performance Update: Chainlink (LINK) Gains 8.4%, Leading Index Higher",CoinDesk,2025-06-24 10:50:45.049307,2025-06-24 15:50:45.049418
"Grayscale Unveils Fund for SXT, Native Token of Microsoft-Backed Space and Time Blockchain",CoinDesk,2025-06-24 10:50:45.050402,2025-06-24 15:50:45.050512
Cosmos' ATOM Surges 10% in High-Volume Breakout Rally,CoinDesk,2025-06-24 10:50:45.051576,2025-06-24 15:50:45.051694
EuroPA and EPI collaborate to strengthen cross-border payments in Europe,Electronic Payments,2025-06-24 09:50:45.052694,2025-06-24 15:50:45.052824
Digital Asset secures $135m to advance blockchain integration,Private Banker International,2025-06-24 09:50:45.053825,2025-06-24 15:50:45.053943
4 Crypto-Centric Stocks to Watch as Bitcoin Rebounds to Resume Rally,Zacks,2025-06-24 09:50:45.054905,2025-06-24 15:50:45.055018
"Bitcoin Mining Profitability Increased by Almost 20% in May, Jefferies Says",CoinDesk,2025-06-24 09:50:45.055978,2025-06-24 15:50:45.056091
Fiserv to launch digital asset platform with new stablecoin by year-end,Electronic Payments,2025-06-24 08:50:45.057068,2025-06-24 15:50:45.057179
Aon Broker Copilot to transform insurance placement with AI,Life Insurance International,2025-06-24 08:50:45.058155,2025-06-24 15:50:45.058266
"Compass Point initiates Circle at “neutral,” flags distribution challenge",Investing.com,2025-06-24 08:50:45.059243,2025-06-24 15:50:45.059356
Central bank body BIS delivers stark stablecoin warning,Reuters,2025-06-24 08:50:45.060320,2025-06-24 15:50:45.060432
"Turkey taking crypto transaction steps to hinder laundering, Simsek says",Reuters,2025-06-24 07:50:45.061393,2025-06-24 15:50:45.061505
"Ethereum Developer Proposes 6-Second Block Times to Boost Speed, Slash Fees",CoinDesk,2025-06-24 07:50:45.062492,2025-06-24 15:50:45.062613
Is First Trust NYSE Arca Biotechnology ETF (FBT) a Strong ETF Right Now?,Zacks,2025-06-24 07:50:45.063574,2025-06-24 15:50:45.063685
"Billionaire Philippe Laffont Thinks This Could Be Worth More Than Amazon, Meta Platforms, and Tesla By 2030",Motley Fool,2025-06-24 07:50:45.064639,2025-06-24 15:50:45.064763
THE MINING POD: How Bitcoin ATMs Are Outcompeting Bitcoin Mining Stocks w/ Brandon Bailey,CoinDesk,2025-06-24 07:50:45.065702,2025-06-24 15:50:45.065830
"Exclusive: Mastercard joins USDG stablecoin group, adds support for PayPal and Fiserv tokens",Fortune,2025-06-24 07:50:45.066785,2025-06-24 15:50:45.066899
ARK ETFs Surged Last Week: Here's Why,Zacks,2025-06-24 07:50:45.067848,2025-06-24 15:50:45.067962
​​Crypto Kidnappings Are on the Rise. Should Investors Be Worried?,Motley Fool,2025-06-24 06:50:45.068922,2025-06-24 15:50:45.069032
Bitcoin Set for Biggest Mining Difficulty Drop Since July 2021,CoinDesk,2025-06-24 06:50:45.070041,2025-06-24 15:50:45.070257
"The Smartest Financial Stocks to Buy With $2,000 Right Now",Motley Fool,2025-06-24 06:50:45.071238,2025-06-24 15:50:45.071353
Will Stablecoins Kill Visa's Cash Cow?,Motley Fool,2025-06-24 06:50:45.072318,2025-06-24 15:50:45.072429
Hong Kong Family Office VMS to Allocate Up to $10M to First Crypto Play: Bloomberg,CoinDesk,2025-06-24 06:50:45.073405,2025-06-24 15:50:45.073523
"Which High-Flying Growth Stock Is Wall Street Most Bullish About: Palantir, Robinhood, or Spotify?",Motley Fool,2025-06-24 06:50:45.074477,2025-06-24 15:50:45.074588
U.S. Housing Regulator Could Let Crypto Be Considered in Mortgage Applications,CoinDesk,2025-06-24 05:50:45.075571,2025-06-24 15:50:45.075685
"Digital Asset, Builder of Privacy-Focused Blockchain Canton, Raises $135M",CoinDesk,2025-06-24 05:50:45.076656,2025-06-24 15:50:45.076784
Bank of Korea deputy chief says desirable to introduce stablecoins gradually,Reuters,2025-06-24 03:50:45.077737,2025-06-24 15:50:45.077868
"Bitcoin Could Spike to $120K, Here Are 4 Factors Boosting the Case for a BTC Bull Run",CoinDesk,2025-06-24 03:50:45.078890,2025-06-24 15:50:45.079004
Dogecoin Surges 7% as Bulls Break Key Resistance,CoinDesk,2025-06-24 02:50:45.079974,2025-06-24 15:50:45.080086
"Ether, Solana, Cardano Spike 7% as Trump Claims to Broker Israel-Iran Ceasefire",CoinDesk,2025-06-24 02:50:45.081068,2025-06-24 15:50:45.081182
"XRP Jumps 11% With Eyes on $2.20, Analysts Split on What’s Next",CoinDesk,2025-06-24 02:50:45.082153,2025-06-24 15:50:45.082266
"Ark Invest Continues to Dump Circle Shares, Buys Robinhood and Coinbase",CoinDesk,2025-06-24 02:50:45.083236,2025-06-24 15:50:45.083347
2 Reasons to Like FVRR (and 1 Not So Much),StockStory,2025-06-24 01:50:45.084317,2025-06-24 15:50:45.084428
"The Best Stocks to Invest $1,000 in Right Now",Motley Fool,2025-06-23 21:50:45.085404,2025-06-24 15:50:45.085517
ETH Surges 9% as Crypto Market Celebrates Trump's Ceasefire Announcement,CoinDesk,2025-06-23 20:50:45.086932,2025-06-24 15:50:45.087145
Bitcoin Busts Past $106K on Reported Iran/Israel Ceasefire,CoinDesk,2025-06-23 20:50:45.088899,2025-06-24 15:50:45.089096
Chipotle Mexican Grill (CMG) Rises Higher Than Market: Key Facts,Zacks,2025-06-23 18:50:45.090852,2025-06-24 15:50:45.091050
Crypto Czar's Clue: David Sacks Hints at Expanded US Bitcoin Reserve,Zacks,2025-06-23 18:50:45.092923,2025-06-24 15:50:45.093115
Eli Lilly (LLY) Surpasses Market Returns: Some Facts Worth Knowing,Zacks,2025-06-23 18:50:45.094934,2025-06-24 15:50:45.095171
Circle Hits New Record With Market Cap Nearing That of Coinbase,CoinDesk,2025-06-23 18:50:45.097010,2025-06-24 15:50:45.097216
Stablecoins Are a Monetary Revolution in the Making,CoinDesk,2025-06-23 17:50:45.099088,2025-06-24 15:50:45.099303
"HIVE Digital wants to mine 12 Bitcoin a day with just 25 employees, CEO says",TheStreet,2025-06-23 16:50:45.101012,2025-06-24 15:50:45.101196
Aptos' APT Gains 6% With High-Volume Buying Amidst Wider Crypto Market Bounce,CoinDesk,2025-06-23 16:50:45.102994,2025-06-24 15:50:45.103197
Wall Street eyes 'BNB MicroStrategy' amid $100M bet,TheStreet,2025-06-23 16:50:45.104951,2025-06-24 15:50:45.105128
Texas Ready for $10M Bitcoin Purchase After Governor Signs Bill for State Reserve,CoinDesk,2025-06-23 16:50:45.106898,2025-06-24 15:50:45.107101
"Benchmark updates Coinbase outlook with 40% hike, reiterates 'Buy' rating",TheStreet,2025-06-23 16:50:45.109133,2025-06-24 15:50:45.109397
TBBK Q1 Deep Dive: FinTech Growth Offsets Margin Pressure and Asset Sensitivity Shift,StockStory,2025-06-23 15:50:45.112163,2025-06-24 15:50:45.112469
Bankrupt Crypto Exchange FTX Slams Three Arrows Capital’s $1.53B Claim: “3AC Is Owed Nothing”,CoinDesk,2025-06-23 15:50:45.114723,2025-06-24 15:50:45.114960
Startup claims to settle cross-border payments in minutes using stablecoins,TheStreet,2025-06-23 15:50:45.116623,2025-06-24 15:50:45.116865
Why Shares of Circle Are Surging Today,Motley Fool,2025-06-23 15:50:45.118625,2025-06-24 15:50:45.118860
Anthony Pompliano strikes deal to create publicly-traded Bitcoin treasury company,Fortune,2025-06-23 15:50:45.120686,2025-06-24 15:50:45.120917
Bitcoin Plunges Below $100K: Time to Buy the Dip?,Zacks,2025-06-23 15:50:45.122644,2025-06-24 15:50:45.122870
"Trump's Crypto Ties Still Toxic With Some Dems, Including One Seen as Industry Ally",CoinDesk,2025-06-23 15:50:45.124584,2025-06-24 15:50:45.124800
Hedge Fund Veterans Plan $100M BNB Treasury Bet,CoinDesk,2025-06-23 15:50:45.126613,2025-06-24 15:50:45.126835
"Bitcoin Bounce Fails, Tumbling Below $100K as Iran Reportedly Prepares Retaliation Against U.S.",CoinDesk,2025-06-23 15:50:45.128526,2025-06-24 15:50:45.128721
"Pantera's Morehead Says Equities 'Rich,' Favors Crypto",Bloomberg,2025-06-23 15:50:45.130408,2025-06-24 15:50:45.130602
BNB Sees Modest Gains Following Iran Strikes,CoinDesk,2025-06-23 15:50:45.132319,2025-06-24 15:50:45.132511
Visa's Crypto Integration: A Game Changer or a Risky Bet?,Zacks,2025-06-23 15:50:45.134577,2025-06-24 15:50:45.134966
Hyperliquid Dominates DEX Perps,CoinDesk,2025-06-23 15:50:45.136659,2025-06-24 15:50:45.136810
"Midnight Network Unveils NIGHT Tokenomics, 'Glacier Drop' Airdrop Mechanism",CoinDesk,2025-06-23 15:50:45.137807,2025-06-24 15:50:45.137931
"A Startup Raises $15M, Led by Paradigm, Aiming to Rival HyperLiquid",CoinDesk,2025-06-23 15:50:45.138913,2025-06-24 15:50:45.139031
"Brazil’s Méliuz Buys $28.6M in Bitcoin, Becomes Top Public BTC Holder in Latin America",CoinDesk,2025-06-23 15:50:45.140138,2025-06-24 15:50:45.140337
Trump Media Share Buyback to be Funded Separately From BTC Treasury Strategy,CoinDesk,2025-06-23 15:50:45.142107,2025-06-24 15:50:45.142319
"Canaan to Exit AI Chip Business, Double Down on Bitcoin Mining Amid Realignment",CoinDesk,2025-06-23 15:50:45.144081,2025-06-24 15:50:45.144291
Tokenized Shares of Solana Treasury Company Defi Dev Coming to Kraken,CoinDesk,2025-06-23 15:50:45.145987,2025-06-24 15:50:45.146184
Fiserv to Add New Stablecoin for Its Network by End of Year,Investopedia,2025-06-23 15:50:45.147839,2025-06-24 15:50:45.148043
Bitcoin and Digital Asset Clarity Is Essential for Our Financial Future,CoinDesk,2025-06-23 15:50:45.149645,2025-06-24 15:50:45.149857
"Goldman Sachs launches AI assistant firmwide, memo shows",Reuters,2025-06-23 15:50:45.151340,2025-06-24 15:50:45.151505
Coinbase Is Well Positioned to Benefit From U.S. Crypto Regulatory Clarity: Benchmark,CoinDesk,2025-06-23 15:50:45.153121,2025-06-24 15:50:45.153307
"Cardone Capital Adds 1,000 BTC, Eyes 3,000 in Bold Bitcoin Strategy",CoinDesk,2025-06-23 15:50:45.154807,2025-06-24 15:50:45.154981
"Fiserv Joins Stablecoin Fray, Teaming Up With Circle, Paxos, PayPal for Launch on Solana",CoinDesk,2025-06-23 15:50:45.156444,2025-06-24 15:50:45.156618
CoinDesk 20 Performance Update: Uniswap (UNI) Drops 11.4% as All Assets Trade Lower,CoinDesk,2025-06-23 15:50:45.158099,2025-06-24 15:50:45.158300
"Fiserv unveils plans to launch stablecoin with Circle, PayPal as partners",Reuters,2025-06-23 15:50:45.159930,2025-06-24 15:50:45.160102
DeFi company Blueprint Finance raises $9.5 million from Polychain Capital,Fortune,2025-06-23 15:50:45.162082,2025-06-24 15:50:45.162270
Anthony Pompliano’s ProCap to Go Public in $1B Bitcoin Treasury SPAC Deal,CoinDesk,2025-06-23 15:50:45.165201,2025-06-24 15:50:45.165387
Veda Raises $18M to Expand DeFi Vault Infrastructure Powering Over $3.7B in Assets,CoinDesk,2025-06-23 15:50:45.169507,2025-06-24 15:50:45.169718
5G Chipmaker Sequans Joins the Bitcoin Treasury Strategy Rush,CoinDesk,2025-06-23 15:50:45.171452,2025-06-24 15:50:45.171666
US investor strikes $1 billion merger to create bitcoin treasury company,Reuters,2025-06-23 15:50:45.173082,2025-06-24 15:50:45.173207
"Litecoin Climbs 4% to Top $84, With ETF Odds Growing",CoinDesk,2025-06-24 14:14:57.936652,2025-06-24 16:14:57.936785
Why Is Reddit (RDDT) Stock Soaring Today,StockStory,2025-06-24 19:17:55.632228,2025-06-24 19:55:55.633956
Crypto market bounces back after President Trump announced a ceasefire between Israel and Iran,Fortune,2025-06-24 17:55:55.639107,2025-06-24 19:55:55.639216
"Circle stock falls 15%, snapping monster rally as Wall Street flags rising risk of stablecoin competition",Yahoo Finance,2025-06-24 20:07:22.456386,2025-06-24 20:31:22.457672
Lose your Bitcoin keys? Liana’s new ‘Safety Net’ recovery could save you,TheStreet,2025-06-24 20:00:22.459228,2025-06-24 20:31:22.459498
Nearly 60% chance 'Bollywood Mayor' beats Andrew Cuomo in New York primary,TheStreet,2025-06-24 19:57:22.460617,2025-06-24 20:31:22.460734
Kraken teams up with Dutch neobank to bring seamless crypto integration,TheStreet,2025-06-24 19:34:22.461866,2025-06-24 20:31:22.461983
Bitcoin Miner CleanSpark Hits 50 EH/s Hashrate Milestone,CoinDesk,2025-06-24 18:31:22.464722,2025-06-24 20:31:22.464828
Why XRP Is Soaring Today,Motley Fool,2025-06-24 20:56:31.095276,2025-06-24 21:27:31.097003
Why Dogecoin Is Spiking Today,Motley Fool,2025-06-24 20:27:31.098256,2025-06-24 21:27:31.098507
Is Wall Street Missing the Boat on Coinbase's Stablecoin Revolution?,Zacks,2025-06-24 20:27:31.103099,2025-06-24 21:27:31.103203
Chainlink's LINK Surges 13% as Mastercard Partnership Fuels Rally Amid Crypto Recovery,CoinDesk,2025-06-24 19:27:31.104028,2025-06-24 21:27:31.104131
The Future of Money Is Streaming Now,CoinDesk,2025-06-24 19:27:31.104949,2025-06-24 21:27:31.105053
Eric Adams wants to launch a ‘BitBond’ in NYC—says industry must 'move while the Iron is hot',TheStreet,2025-06-24 21:32:48.150923,2025-06-24 22:29:48.152626
"BCH Stumbles at $467 After Triple Rejection, Ends Slightly Down Despite High-Volume Rebound",CoinDesk,2025-06-24 19:29:48.160478,2025-06-24 22:29:48.160582
Coinbase Global (COIN) Adds Market Torque as U.S. Senate Ushers in Tokenized Trading,TipRanks,2025-06-25 01:35:30.347772,2025-06-25 02:19:30.349513
2 Tech Stocks With More Potential Than Any Cryptocurrency,Motley Fool,2025-06-25 01:19:30.350765,2025-06-25 02:19:30.351017
Crypto Firm BitGo’s Assets in Custody Jump to Top $100 Billion,Bloomberg,2025-06-25 00:19:30.351881,2025-06-25 02:19:30.351997
Asia Morning Briefing: Analysts Say BTC’s Long-Term Focus Is Easing War Jitters,CoinDesk,2025-06-25 01:31:36.387784,2025-06-25 05:31:36.388041
'Bollywood Mayor' Zohran Mamdani beats Andrew Cuomo in New York primary,TheStreet,2025-06-24 20:29:27.267458,2025-06-25 07:29:27.267567
"Fraud victims among top crypto ATM users, Australian regulator says",Reuters,2025-06-25 07:57:24.215552,2025-06-25 08:38:24.216812
"1 Top Cryptocurrency to Buy Before It Soars 2,200%, According to Cathie Wood",Motley Fool,2025-06-25 08:54:22.502756,2025-06-25 09:33:22.504649
"Crypto Trader Sees Bitcoin Hitting $160K by Year-End; ETH, SOL, ADA to Gain on Middle East Truce",CoinDesk,2025-06-25 07:33:22.507055,2025-06-25 09:33:22.507172
"Bitfinex Securities Is Taking a Different Approach to RWAs, Launches Two New Products in the U.K.",CoinDesk,2025-06-25 06:33:22.507998,2025-06-25 09:33:22.508112
Bitcoin's Upcoming $14B Options Expiry Marked by Surge in Put-Call Ratio. What Does It Indicate?,CoinDesk,2025-06-25 06:33:22.508906,2025-06-25 09:33:22.509034
1 Key Reason to Buy XRP and Hold It for 10 Years or More,Motley Fool,2025-06-25 09:15:36.640387,2025-06-25 09:49:36.642200
North America Rig Count Stays Flat,Rigzone.com,2025-06-24 17:49:36.666640,2025-06-25 09:49:36.666746
Acea to divest Acea Energia to Eni’s Plenitude for €588m,Power Technology,2025-06-25 09:33:59.674146,2025-06-25 10:33:59.674399
"Metaplanet Raises $515M, Blockchain Group Adds $4.8M in Bitcoin Treasury Equity Moves",CoinDesk,2025-06-25 08:33:59.677206,2025-06-25 10:33:59.677318
NYSE Tweaks Rule to List Trump Media's Bitcoin-Ethereum ETF,CoinDesk,2025-06-25 07:33:59.678152,2025-06-25 10:33:59.678258
"Bitfinex Securities Is Taking a Different Approach to RWAs, Launches Two New Products in the UK",CoinDesk,2025-06-25 06:33:59.680019,2025-06-25 10:33:59.680125
Missed Out on the Circle IPO? This Cryptocurrency Investment Might Be the Real Winner in the Long Run (Hint: It's Not Robinhood or Bitcoin).,Motley Fool,2025-06-25 11:00:20.603587,2025-06-25 11:25:20.605334
Continental supplies digital access system for Audi Q6 e-tron SUV,Just Auto,2025-06-25 10:34:20.607042,2025-06-25 11:25:20.607307
"Nvidia and Palantir Could Help This Unstoppable ETF Turn $1,000 Per Month Into $1 Million Over the Long Term",Motley Fool,2025-06-25 10:32:20.608477,2025-06-25 11:25:20.608594
"The Zacks Analyst Blog Highlights CME, Accenture, Visa and PayPal",Zacks,2025-06-25 09:25:20.609447,2025-06-25 11:25:20.609560
"XRP Ledger Brings Token Escrow, Other Upgrades for DEXs in New Release",CoinDesk,2025-06-25 09:25:20.613148,2025-06-25 11:25:20.613254
Deep Sea Mining Firm Goes Deep on Bitcoin With $1.2B BTC Treasury Plan,CoinDesk,2025-06-25 09:25:20.614071,2025-06-25 11:25:20.614178
"Brussels set to disregard ECB warnings over stablecoin rules, FT reports",Reuters,2025-06-25 11:31:47.843394,2025-06-25 11:44:47.845148
2 Reasons to Like EWBC and 1 to Stay Skeptical,StockStory,2025-06-25 04:44:47.861330,2025-06-25 11:44:47.861436
Chinese Marketing Company Aurora Mobile Plans to Adopt Crypto Treasury,CoinDesk,2025-06-25 09:59:18.161364,2025-06-25 12:59:18.161479
2 Reasons to Buy Shiba Inu (SHIB) Before 2026,Motley Fool,2025-06-25 13:13:48.015366,2025-06-25 13:42:48.017091
Can Strategic Funding Deals Keep Affirm Ahead in the BNPL Space?,Zacks,2025-06-25 12:42:48.018372,2025-06-25 13:42:48.018628
"Shiba Inu Whales Snap Up 10T SHIB, Prices Chalk Out Descending Triangle Pattern",CoinDesk,2025-06-25 11:42:48.021405,2025-06-25 13:42:48.021516
US stocks hang near their record as Wall Street takes a breath following two big days,Associated Press,2025-06-25 06:42:48.036277,2025-06-25 13:42:48.036383
US stocks hang near their record as Wall Street takes a breath following two big days,Associated Press Finance,2025-06-25 06:42:48.037174,2025-06-25 13:42:48.037298
"Best money market account rates today, June 24, 2025  (Earn up to 4.41% APY)",Yahoo Personal Finance,2025-06-24 13:42:48.089549,2025-06-25 13:42:48.089651
"SoFi to reintroduce crypto investing, add blockchain remittances",Investing.com,2025-06-25 14:05:58.595586,2025-06-25 14:31:58.596632
"Coinbase target raised to ’Street High’ at Bernstein, calling it ’misunderstood’",Investing.com,2025-06-25 13:56:58.598294,2025-06-25 14:31:58.598423
dLocal and BVNK collaborate to enable stablecoin-based global payouts,Electronic Payments,2025-06-25 13:47:58.599634,2025-06-25 14:31:58.599749
"Baanx Adds BNB Support on Its Crypto Card for UK, EU, LATAM",CoinDesk,2025-06-25 12:31:58.602480,2025-06-25 14:31:58.602585
Stablecoins may push aside payments,Payments Dive,2025-06-25 09:51:28.769280,2025-06-25 14:51:28.769386
"Inside Sunnie, the Hello Sunshine spin-off Reese Witherspoon just cocreated with Gen Z",FastCompany,2025-06-24 14:51:28.826654,2025-06-25 14:51:28.826758
Coinbase stock surges to hover near record close as analyst calls company 'one-stop Amazon' of crypto services,Yahoo Finance,2025-06-25 15:26:22.758332,2025-06-25 15:32:22.759726
"Coinbase (COIN) Shares Skyrocket, What You Need To Know",StockStory,2025-06-25 15:16:22.761502,2025-06-25 15:32:22.761765
Investment Platform Republic to Allow Investors to Bet on SpaceX,Investopedia,2025-06-25 14:55:22.763020,2025-06-25 15:32:22.763135
"EBANX, APLAZO partner to expand flexible payments options in Mexico",Electronic Payments,2025-06-25 14:32:22.764950,2025-06-25 15:32:22.765059
"Coinbase Is the Most Misunderstood Business in Crypto, Says Analyst With Highest Wall Street Price Target",CoinDesk,2025-06-25 13:32:22.768631,2025-06-25 15:32:22.768732
Tokenized Shares in Elon Musk's SpaceX Coming From Republic: WSJ,CoinDesk,2025-06-25 13:32:22.769553,2025-06-25 15:32:22.769654
Dogecoin Pushes Higher as Bulls Break 16 Cent Resistance,CoinDesk,2025-06-25 13:32:22.770466,2025-06-25 15:32:22.770566
"XRP Primed for Record Rally, Echoing Bullish Bitcoin Pattern Ahead of $100K Breakout",CoinDesk,2025-06-25 13:32:22.771384,2025-06-25 15:32:22.771488
Newest 'Star' in Sky Ecosystem Launches With $1B Tokenized Credit Strategy,CoinDesk,2025-06-25 12:32:22.773195,2025-06-25 15:32:22.773297
Coinbase stock touches 52-week high as analyst calls company 'one-stop Amazon' of crypto services,Yahoo Finance,2025-06-25 15:37:28.589050,2025-06-25 16:37:28.591026
COIN vs. PYPL: Which Crypto Payments Stock is the Better Option Now?,Zacks,2025-06-25 15:37:28.594881,2025-06-25 16:37:28.595004
European Commission to allow stablecoin interchangeability,Reuters,2025-06-25 11:37:28.607395,2025-06-25 16:37:28.607531
Coinbase Stock Gets a New Top Wall Street Bull After Tuesday's 12% Pop,Investopedia,2025-06-25 17:28:24.180990,2025-06-25 17:47:24.182751
BITCOIN SEASON 2: Putting Music On Chain w/ 0xBunzy,CoinDesk,2025-06-25 12:47:24.196368,2025-06-25 17:47:24.196475
Mastercard Expands Digital Currency Reach via Fiserv & Chainlink,Zacks,2025-06-25 16:40:35.215533,2025-06-25 18:40:35.215796
The Next Frontier in Finance: Tokenized Access to Private Markets,CoinDesk,2025-06-25 15:40:35.218524,2025-06-25 18:40:35.218632
What’s Next for Real-World Asset Tokenization,CoinDesk,2025-06-25 15:40:35.219466,2025-06-25 18:40:35.219572
Leading Crypto Senator Sees End of Year as U.S. Legislation Target,CoinDesk,2025-06-25 15:40:35.221306,2025-06-25 18:40:35.221411
Anthony Pompliano's ProCap BTC Buys $128M of Bitcoin in 2nd Straight Day of Purchases,CoinDesk,2025-06-25 14:40:35.223137,2025-06-25 18:40:35.223242
Anchorage CEO: Stablecoins to become ‘core plumbing’ in finance,Banking Dive,2025-06-25 13:40:35.228570,2025-06-25 18:40:35.228689
Why a billionaire investor thinks bitcoin's total market value could more than double to $5 trillion,Business Insider,2025-06-25 18:22:30.203245,2025-06-25 19:22:30.205007
Coinbase stock surges 38% on regulatory clarity and a Bernstein price target boost,Fortune,2025-06-25 17:22:30.207405,2025-06-25 19:22:30.207519
"Solana Will Lead Tokenization, Hyperliquid the 'Perpification of Everything': Ryan Watkins",CoinDesk,2025-06-25 17:22:30.208363,2025-06-25 19:22:30.208473
Barclays to Ban Credit-Card Crypto Purchases Starting Friday,CoinDesk,2025-06-25 17:22:30.210235,2025-06-25 19:22:30.210342
"Zama Raises $57M, Becomes First Unicorn Involved With Fully Homomorphic Encryption",CoinDesk,2025-06-25 16:22:30.211184,2025-06-25 19:22:30.211291
Animoca Brands' Flagship Project Moca Network to Debut L1 for Digital Identity,CoinDesk,2025-06-25 16:22:30.212118,2025-06-25 19:22:30.212224
ATOM Surges 3.6% Amid Strong Volume Swings at Key Support Levels,CoinDesk,2025-06-25 16:22:30.213962,2025-06-25 19:22:30.214070
NEAR Protocol Plunges 4% Before Staging Recovery Amid Market Volatility,CoinDesk,2025-06-25 15:22:30.215819,2025-06-25 19:22:30.215928
Republic to Launch Tokenized Shares in Elon Musk's SpaceX,CoinDesk,2025-06-25 19:18:49.271145,2025-06-25 19:42:49.272170
"Kalshi valued at $2 billion in latest funding round, CEO says",Reuters,2025-06-25 20:20:48.331093,2025-06-25 20:31:48.332858
Barclays stuns credit card users with startling June 27 crackdown,TheStreet,2025-06-25 20:17:48.334380,2025-06-25 20:31:48.334646
Bitdeer Raises $330M Via Convertible Note Sale,CoinDesk,2025-06-25 18:31:48.338601,2025-06-25 20:31:48.338709
Ethereum's 'Identity Crisis' Is What Real Decentralization Looks Like,CoinDesk,2025-06-25 17:31:48.340430,2025-06-25 20:31:48.340554
"Fannie Mae, Freddie Mac ordered to consider crypto as an asset when buying mortgages",Associated Press Finance,2025-06-25 20:44:22.147009,2025-06-25 21:27:22.148033
AP Top Extended Financial Headlines at 4:52 p.m. EDT,Associated Press Finance,2025-06-25 04:27:22.202030,2025-06-25 21:27:22.202135
Federal Regulator Opens Doors to Considering Crypto in Mortgage Applications,Investopedia,2025-06-25 21:14:08.329349,2025-06-25 21:45:08.331181
99% of traders nailed Zohran Mamdani’s stunning New York primary win,TheStreet,2025-06-24 21:45:08.395858,2025-06-25 21:45:08.395981
Invesco files for Solana ETF to tap growing demand for bitcoin alternatives,Reuters,2025-06-25 22:02:30.359312,2025-06-25 22:29:30.361034
"Trump-backed crypto firm is planning stablecoin audit, new app",Reuters,2025-06-25 21:49:30.362671,2025-06-25 22:29:30.362929
Is Coinbase (COIN) Stock Poised for Higher Highs?,Zacks,2025-06-25 21:29:30.365700,2025-06-25 22:29:30.365811
SoFi to Launch Blockchain Remittances With Stablecoins as Crypto Returns to Platform,CoinDesk,2025-06-25 20:29:30.369438,2025-06-25 22:29:30.369545
AP Top Extended Financial Headlines at 6:20 p.m. EDT,Associated Press Finance,2025-06-25 04:29:30.420359,2025-06-25 22:29:30.420463
"XRP and SOL go mainstream with cash access at 28,000+ U.S. retail locations",TheStreet,2025-06-25 22:11:50.102142,2025-06-25 22:47:50.103430
Homebuyers could soon use crypto to help get a mortgage under new Trump admin plan,CNN Business,2025-06-25 21:47:50.108265,2025-06-25 22:47:50.108399
Bitcoin Rises Past $107K as FHFA's Pulte Orders Crypto Consideration in Mortgage Applications,CoinDesk,2025-06-25 20:26:56.387625,2025-06-25 23:26:56.387737
Mastercard partners with Fiserv to support new FIUSD token as stablecoin competition is expected to grow,FastCompany,2025-06-24 23:26:56.450818,2025-06-25 23:26:56.450923
Latest SpaceX-linked investment product launched on Solana,TheStreet,2025-06-25 23:21:48.513513,2025-06-25 23:46:48.514890
Insider Watch: 3 CEOs Buying Shares in 2025,Zacks,2025-06-26 23:36:39.319637,2025-06-27 00:36:39.320577
Kraken launches Krak App to blend crypto payments and real-time finance,TheStreet,2025-06-26 23:36:39.321499,2025-06-27 00:36:39.321635
"Billionaire predicts 'Fantastic 40' companies by 2030, one surprise pick stands out",TheStreet,2025-06-26 23:36:39.322500,2025-06-27 00:36:39.322613
"Coinbase Comes Full Circle, Soars to Highest Price Since 2021 Nasdaq Debut",CoinDesk,2025-06-26 20:36:39.323480,2025-06-27 00:36:39.323591
Coinbase Shares Hit First Record Since 2021 on Stablecoin Fervor,Bloomberg,2025-06-26 20:36:39.324425,2025-06-27 00:36:39.324535
Ledger exec predicts a Fortune 500 company could allocate 10% of its treasury to Bitcoin,TheStreet,2025-06-26 20:36:39.325363,2025-06-27 00:36:39.325472
HIVE hits $115.3M revenue in FY2025 as AI cloud earnings triple,TheStreet,2025-06-26 20:36:39.326290,2025-06-27 00:36:39.326413
"Coinbase, Circle rally as stablecoin momentum heats up",Yahoo Finance,2025-06-26 20:36:39.327219,2025-06-27 00:36:39.327366
Bitcoin Holds Above $107K Ahead of Friday’s Big Options Expiry With $102K Max Pain Price,CoinDesk,2025-06-26 20:36:39.328193,2025-06-27 00:36:39.328308
Interested In Bitcoin Backed Lending: Maple Finance CEO,Bloomberg,2025-06-26 19:36:39.329204,2025-06-27 00:36:39.329329
Proof of Personhood: Inside the companies reinventing digital identity for Web3,TheStreet,2025-06-26 19:36:39.330148,2025-06-27 00:36:39.330253
Why Is Coinbase (COIN) Stock Rocketing Higher Today,StockStory,2025-06-26 18:36:39.331075,2025-06-27 00:36:39.331186
Why Circle Internet Stock Is Soaring Today,Motley Fool,2025-06-26 18:36:39.332183,2025-06-27 00:36:39.332338
Stablecoins Can 'Dollarize' The World: Consensys CEO,Bloomberg,2025-06-26 18:36:39.333182,2025-06-27 00:36:39.333291
Wall Street's GENIUS Act could spell trouble for the largest stablecoin issuer,TheStreet,2025-06-26 18:36:39.334128,2025-06-27 00:36:39.334234
"Ripple vs SEC lawsuit hits shocking standstill, XRP dips immediately",TheStreet,2025-06-26 17:36:39.335051,2025-06-27 00:36:39.335155
The Trump administration just took a big step toward considering crypto assets during home loan applications,Fortune,2025-06-26 17:36:39.335973,2025-06-27 00:36:39.336078
Ripple Integrates Wormhole With XRP Ledger to Power Institutional Multichain Moves,CoinDesk,2025-06-26 16:36:39.336887,2025-06-27 00:36:39.336989
Key U.S. Senator Tells White House Crypto Market Structure Bill Will Be Done by Sept. 30,CoinDesk,2025-06-26 16:36:39.337806,2025-06-27 00:36:39.337909
"Hong Kong Sets Out Plan to Regulate Crypto, Encourage Tokenization",CoinDesk,2025-06-26 16:36:39.338707,2025-06-27 00:36:39.338810
Spot DOGE ETF Appears Nearer as Bitwise Amends Filing,CoinDesk,2025-06-26 16:36:39.339610,2025-06-27 00:36:39.339713
"SEC, Ripple wants to settle crypto lawsuit, but US judge rebuffs them",Reuters,2025-06-26 16:36:39.340523,2025-06-27 00:36:39.340624
Dinari granted first broker-dealer registration to offer tokenized stocks,Reuters,2025-06-26 16:36:39.341445,2025-06-27 00:36:39.341549
U.S. Dollar Falls to 3-Year Low on Trump's Fed Chair Saga,CoinDesk,2025-06-26 15:36:39.342366,2025-06-27 00:36:39.342472
Metaplanet Surpasses Tesla in Bitcoin Holdings,CoinDesk,2025-06-26 15:36:39.343262,2025-06-27 00:36:39.343383
Solana-Focused Upexi to Tokenize Shares; Added 56K SOL to Holdings,CoinDesk,2025-06-26 15:36:39.344211,2025-06-27 00:36:39.344328
Crypto for Advisors: Crypto Hits Wall Street,CoinDesk,2025-06-26 15:36:39.345126,2025-06-27 00:36:39.345228
Cathie Wood's ARKK ETF Turns Red Hot in June: Here's Why,Zacks,2025-06-26 15:36:39.346041,2025-06-27 00:36:39.346143
NEAR Tumbles 5% as Altcoin Market Fails to Sustain Rally,CoinDesk,2025-06-26 14:36:39.346983,2025-06-27 00:36:39.347088
Global financial crime watchdog calls for action on crypto risks,Reuters,2025-06-26 14:36:39.347901,2025-06-27 00:36:39.348004
Real-World Asset Tokenization Market Has Grown Almost Fivefold in 3 Years,CoinDesk,2025-06-26 14:36:39.348815,2025-06-27 00:36:39.348917
Most Illicit On-Chain Activity Now Involves Stablecoins: FATF,CoinDesk,2025-06-26 14:36:39.349739,2025-06-27 00:36:39.349846
"Taurus Releases Open Source Privacy Tech for Stablecoins, Starts With Circle's USDC",CoinDesk,2025-06-26 14:36:39.350672,2025-06-27 00:36:39.350775
What’s Next for Tokenization?,CoinDesk,2025-06-26 14:36:39.351602,2025-06-27 00:36:39.351706
Zama secures $57m for blockchain encryption technology,Verdict,2025-06-26 14:36:39.352522,2025-06-27 00:36:39.352624
"CoinDesk 20 Performance Update: SUI Drops 4.6%, Leading Index Lower",CoinDesk,2025-06-26 13:36:39.353452,2025-06-27 00:36:39.353556
Crypto exchange Kraken debuts peer-to-peer payments app Krak,Reuters,2025-06-26 13:36:39.354383,2025-06-27 00:36:39.354489
"Crypto Exchange Kraken Unveils ‘Krak,’ Its New All-in-One Global Money App",CoinDesk,2025-06-26 13:36:39.355287,2025-06-27 00:36:39.355408
Will Affirm's Auto Move With Shopmonkey Fuel More Repeat Users?,Zacks,2025-06-26 13:36:39.356210,2025-06-27 00:36:39.356328
"Ex-Blackstone, Tether Execs Seek $1B to Build Multitoken Crypto Treasury: Bloomberg",CoinDesk,2025-06-26 13:36:39.357129,2025-06-27 00:36:39.357230
"For Altcoin Whales Trading May be Easier on Bitget Than Binance, CoinGecko Research Finds",CoinDesk,2025-06-26 12:36:39.358046,2025-06-27 00:36:39.358150
Crypto Custodian Taurus Launches First Stablecoin Contract With Privacy Features,CoinDesk,2025-06-26 12:36:39.358978,2025-06-27 00:36:39.359091
Where Will Dogecoin Be in 5 Years?,Motley Fool,2025-06-26 12:36:39.359910,2025-06-27 00:36:39.360011
5 Crypto-Centric Stocks in Focus on Recent Positive Developments,Zacks,2025-06-26 12:36:39.360830,2025-06-27 00:36:39.360930
"Rain, Toku Debut Stablecoin Payrolls for Workers in Over 100 Countries",CoinDesk,2025-06-26 12:36:39.361749,2025-06-27 00:36:39.361850
Mastercard expands partnership with Fiserv to integrate FIUSD stablecoin,Electronic Payments,2025-06-26 12:36:39.362667,2025-06-27 00:36:39.362771
Crypto gains foothold in Bolivia as small businesses seek currency alternatives,Reuters,2025-06-26 12:36:39.363593,2025-06-27 00:36:39.363696
"Stablecoins could bridge legacy finance-crypto gap, Bastion exec says",CFO Dive,2025-06-26 11:36:39.364532,2025-06-27 00:36:39.364638
Is It Time to Ride the Upbeat Momentum in Coinbase? ETFs in Focus,Zacks,2025-06-26 11:36:39.365461,2025-06-27 00:36:39.365565
Circle Is Up About 700% Since Its IPO. Should You Still Buy the Stock at a Monster Valuation?,Motley Fool,2025-06-26 11:36:39.366480,2025-06-27 00:36:39.366589
Is First Trust Multi Cap Growth AlphaDEX ETF (FAD) a Strong ETF Right Now?,Zacks,2025-06-26 10:36:39.367409,2025-06-27 00:36:39.367515
"Bitcoin Illiquid Supply Climbs to Over 14M BTC, Reflects Strong HODL Trend",CoinDesk,2025-06-26 10:36:39.368327,2025-06-27 00:36:39.368435
CoreWeave vs. Circle Internet Group: What's the Best New Growth Stock to Buy?,Motley Fool,2025-06-26 10:36:39.369241,2025-06-27 00:36:39.369361
The U.S. Senate Just Passed a Landmark Cryptocurrency Regulation Bill. Here's What Investors Need to Know.,Motley Fool,2025-06-26 10:36:39.370164,2025-06-27 00:36:39.370265
PEPE Slides 5% as Hype Fades Despite Elon Musk's April Nod,CoinDesk,2025-06-26 10:36:39.371224,2025-06-27 00:36:39.371374
2 Warren Buffett Dividend Stocks to Build Your Passive Income Empire,Motley Fool,2025-06-26 10:36:39.372248,2025-06-27 00:36:39.372372
Will Palantir Technologies Stock Reach a $1 Trillion Valuation by 2027?,Motley Fool,2025-06-26 10:36:39.373173,2025-06-27 00:36:39.373275
Exclusive: Crypto giant Galaxy raises $175 million for first venture fund,Fortune,2025-06-26 09:36:39.374096,2025-06-27 00:36:39.374201
What's Driving SEI Prices as Token Soars 50% in a Week,CoinDesk,2025-06-26 09:36:39.375034,2025-06-27 00:36:39.375136
"Can a $10,000 Investment in Ethereum Turn Into $1 Million By 2030?",Motley Fool,2025-06-26 09:36:39.375963,2025-06-27 00:36:39.376066
Semler Scientific Trades at Premium to Bitcoin Holdings for First Time in Three Weeks,CoinDesk,2025-06-26 09:36:39.376877,2025-06-27 00:36:39.376980
This 1 New Reason to Consider Buying Ethereum Is 1 New Risk for XRP,Motley Fool,2025-06-26 08:36:39.377801,2025-06-27 00:36:39.377902
Crypto Exchange Kraken Wins MiCA License in Ireland,CoinDesk,2025-06-26 08:36:39.378722,2025-06-27 00:36:39.378826
XRP Has Crushed Bitcoin Since Donald Trump's Election Win. Is the World's Largest Cryptocurrency About to Stage an Epic Comeback This Year?,Motley Fool,2025-06-26 08:36:39.379704,2025-06-27 00:36:39.379810
"Zacks Investment Ideas feature highlights: Coinbase, Circle Internet, Visa, American Express and Shopify",Zacks,2025-06-26 08:36:39.380639,2025-06-27 00:36:39.380743
"Coinbase Brings Wrapped Cardano, Litecoin to Base With cbADA, cbLTC",CoinDesk,2025-06-26 07:36:39.381568,2025-06-27 00:36:39.381672
Dogecoin Bulls Defend 16 Cent Support as Elon Musk’s X Payments Speculations Loom,CoinDesk,2025-06-26 07:36:39.382503,2025-06-27 00:36:39.382608
‘XRP to $3’ Searches Rise as Token Shows Whale Activity Spike,CoinDesk,2025-06-26 06:36:39.383426,2025-06-27 00:36:39.383531
"Bitcoin's Bull Case Strengthens as Dollar Index Slides, Nvidia Hits Record High Amid Recession Cues",CoinDesk,2025-06-26 06:36:39.384350,2025-06-27 00:36:39.384455
"Bitcoin nears $108K as Fed rate cut bets rise; traders eye ether, solana, cardano",CoinDesk,2025-06-26 05:36:39.385262,2025-06-27 00:36:39.385398
"World Liberty Makes Narrative U-Turn, Says WLFI Token Will Become Tradable Soon",CoinDesk,2025-06-26 05:36:39.386204,2025-06-27 00:36:39.386305
"Metaplanet Overtakes Musk's Tesla, Becomes Fifth Largest Corporate Bitcoin Holder",CoinDesk,2025-06-26 05:36:39.387122,2025-06-27 00:36:39.387225
1 Stock Under $50 Worth Your Attention and 2 to Question,StockStory,2025-06-26 04:36:39.388038,2025-06-27 00:36:39.388142
Watch These Nvidia Price Levels as Stock Surges to All-Time High,Investopedia,2025-06-26 03:36:39.388949,2025-06-27 00:36:39.389050
Aer Lingus Visa Signature Card review: Earn a lucrative welcome bonus and companion ticket,Yahoo Personal Finance,2025-06-26 00:36:39.389853,2025-06-27 00:36:39.389960
Bit Digital Exits BTC Mining to Focus Solely on ETH Staking Strategy,CoinDesk,2025-06-26 00:36:39.394251,2025-06-27 00:36:39.394371
Circle’s stock plummets 25% over two days as investors flock to this other stablecoin play,MarketWatch,2025-06-26 00:36:39.396876,2025-06-27 00:36:39.396978
Bumble shares soar after dating app announces major job cuts,FastCompany,2025-06-26 00:36:39.405655,2025-06-27 00:36:39.405756
Asia Morning Briefing: Asia's Banks Look to Stablecoins to Prevent Deposit Flight,CoinDesk,2025-06-27 01:37:28.916627,2025-06-27 04:37:28.917591
Circle Internet Group (CRCL) Taps Into Stablecoin Boom Amid Frothy Valuation,TipRanks,2025-06-27 01:41:02.399386,2025-06-27 06:41:02.400354
"Bitcoin's Double Top Warrants Caution, But a Full-Blown Price Crash Seems Unlikely: Sygnum Bank",CoinDesk,2025-06-27 04:28:46.593497,2025-06-27 07:28:46.594429
"Billionaires Sell Nvidia Stock and Buy a BlackRock ETF Wall Street Experts Say Could Soar Up to 12,160%",Motley Fool,2025-06-27 07:12:49.291569,2025-06-27 07:44:49.292537
"Warren Buffett Has Put Almost $78 Billion to Work in His Favorite Stock Over 7 Years, and It Recently Fell 10% -- Is the Oracle of Omaha a Buyer?",Motley Fool,2025-06-27 07:06:49.293856,2025-06-27 07:44:49.293986
Are Quantum Computing Stocks Becoming the Next AI?,Motley Fool,2025-06-27 07:40:28.448021,2025-06-27 08:37:28.448992
XRP Slides 5% as Selling Pressure Intensifies Despite Whale Transfers,CoinDesk,2025-06-27 05:37:28.451846,2025-06-27 08:37:28.451957
"XRP, Solana Lead Profit-Taking Among Crypto Majors Even as Bullish Mood Persists",CoinDesk,2025-06-27 05:37:28.452781,2025-06-27 08:37:28.452889
"Will a $10,000 Investment in Solana Turn Into $1 Million by 2035?",Motley Fool,2025-06-27 09:00:01.246136,2025-06-27 09:31:01.247118
4 Key Signals Investors Are Watching for Bitcoin's Next Surge,Motley Fool,2025-06-27 10:00:59.658163,2025-06-27 10:32:59.659221
ACX Token Slides 10% as Accusations of DAO Manipulation Rock Across Protocol,CoinDesk,2025-06-27 07:32:59.663317,2025-06-27 10:32:59.663433
Market Cap of Euro Stablecoins Surges to Nearly $500M as EUR/USD Rivals Bitcoin's H1 Gains,CoinDesk,2025-06-27 07:32:59.665226,2025-06-27 10:32:59.665333
Circle Mania Grips South Korea as Retail Investors Pile Into Stablecoin Play,CoinDesk,2025-06-27 07:32:59.666168,2025-06-27 10:32:59.666275
"Could a $10,000 Investment in XRP (Ripple) Turn Into $1 Million by 2035?",Motley Fool,2025-06-27 10:15:36.037734,2025-06-27 10:50:36.038702
"Bitcoin Treasury Corporation Acquires 292 BTC, Prepares for Toronto Trading Debut",CoinDesk,2025-06-27 08:24:39.032595,2025-06-27 11:24:39.032706
NHS grants approval for new GP IT system in England,Hospital Management,2025-06-27 11:28:07.289575,2025-06-27 11:44:07.290540
UAE fund buys $100 million of Trump's World Liberty tokens,Reuters,2025-06-27 12:50:52.831726,2025-06-27 12:56:52.832693
"5 Vanguard ETFs to Buy With $1,000 and Hold Forever",Motley Fool,2025-06-27 12:00:52.834084,2025-06-27 12:56:52.834223
10 Best Ways You Could Invest $100 Today,Motley Fool,2025-06-27 11:56:52.835106,2025-06-27 12:56:52.835218
CoinDesk Live at Injective Summit 2025,CoinDesk,2025-06-27 11:56:52.836973,2025-06-27 12:56:52.837082
SUI Rebounds From Key Support as Nasdaq-Listed Lion Group Eyes Treasury Purchase,CoinDesk,2025-06-27 09:56:52.839757,2025-06-27 12:56:52.839865
Trump’s World Liberty Gains Another International Crypto Partner,Bloomberg,2025-06-27 13:00:57.298307,2025-06-27 13:37:57.298451
Crypto’s Audacious Bid to Rebuild Stock Market on the Blockchain,Bloomberg,2025-06-27 12:37:57.301427,2025-06-27 13:37:57.301544
Bitcoin Faces Weakest Monthly Growth Since July as Whales Counteract ETF Inflows,CoinDesk,2025-06-27 11:37:57.305057,2025-06-27 13:37:57.305162
This cryptocurrency is bitcoin’s biggest challenger yet — and it just might take over your wallet,MarketWatch,2025-06-26 18:37:57.330833,2025-06-27 13:37:57.330935
Kraken rolls out peer-to-peer payments app,Electronic Payments,2025-06-27 14:12:52.126496,2025-06-27 14:29:52.127478
"Bitcoin Miner Revenue Drops to 2-Month Low, but Selling Pressure Remains Absent: CryptoQuant",CoinDesk,2025-06-27 11:29:52.134207,2025-06-27 14:29:52.134316
Crypto Lost Over $2.1B to Hacks in First Half of 2025,CoinDesk,2025-06-27 14:52:56.166627,2025-06-27 15:29:56.167575
Looking for Fintech Growth? Here's How Affirm and SoFi Stack Up,Zacks,2025-06-27 14:46:51.418830,2025-06-27 15:46:51.418946
Bolt Embraces Stablecoin Payments for Global Marketplaces as Digital Dollar Race Heats Up,CoinDesk,2025-06-27 13:34:47.115676,2025-06-27 16:34:47.115803
Short COIN/Long BTC Trade Will Be a Winner as Soaring Coinbase Nears Overvaluation: 10x Research,CoinDesk,2025-06-27 13:34:47.116615,2025-06-27 16:34:47.116724
"Tokenization Firm Midas Introduces Private Credit Product with Fasanara, Morpho and Steakhouse",CoinDesk,2025-06-27 13:34:47.118479,2025-06-27 16:34:47.118588
PlaxidityX and Hitachi partner for SDV development and security,Just Auto,2025-06-27 16:24:35.215302,2025-06-27 16:52:35.216301
Up Over 100%: These 2 Monster Growth Stocks Earn an Upgrade,TipRanks,2025-06-27 17:07:07.042047,2025-06-27 17:27:07.043015
"DeepSeek under scrutiny in Germany, AI tokens falter",TheStreet,2025-06-27 16:27:07.044970,2025-06-27 17:27:07.045098
AVAX Breaks Out of Consolidation Phase,CoinDesk,2025-06-27 15:27:07.046915,2025-06-27 17:27:07.047054
TON Rises 2% as Short-Term Uptrend Pattern Emerges,CoinDesk,2025-06-27 15:27:07.047897,2025-06-27 17:27:07.048006
Bolivia crypto transactions up over 530% amid currency woes,Reuters,2025-06-27 17:49:26.569437,2025-06-27 18:38:26.570397
Bakkt makes moves to issue $1 billion worth of securities and could potentially use the money to create a crypto treasury,Fortune,2025-06-27 16:38:26.574172,2025-06-27 18:38:26.574284
Trump-Linked DeFi Project World Liberty Teams With Re7 for USD1 Stablecoin Vault,CoinDesk,2025-06-27 15:38:26.575117,2025-06-27 18:38:26.575226
Tokenized Apple stock? Reserve co-founder says it’s been possible for a decade,TheStreet,2025-06-27 19:01:06.558722,2025-06-27 19:21:06.559686
Billionaires lash out as socialist Zohran Mamdani wins NYC mayoral primary,TheStreet,2025-06-27 18:53:06.561128,2025-06-27 19:21:06.561263
Europe’s Time Is Now (for Stablecoins),CoinDesk,2025-06-27 17:21:06.565460,2025-06-27 19:21:06.565569
Coinbase Sets U.S. Perpetual-Style Futures Launch as CEO Says Firm Is Buying Bitcoin Weekly,CoinDesk,2025-06-27 16:21:06.567332,2025-06-27 19:21:06.567441
Trump shares shocking strategy to take pressure off dollar,TheStreet,2025-06-27 19:50:35.764794,2025-06-27 20:30:35.765776
Is Coinbase's Rally Overextended?,CoinDesk,2025-06-27 19:49:35.767079,2025-06-27 20:30:35.767207
"Succinct CEO on State of Crypto Fundraising, App Development",Bloomberg,2025-06-27 19:30:35.768071,2025-06-27 20:30:35.768186
CoinDesk Weekly Recap: Stablecoins Dominate the Cycle,CoinDesk,2025-06-27 17:30:35.772724,2025-06-27 20:30:35.772836
Stablecoins Are the ‘Quiet Winners’ of Polymarket’s Surge: Coinbase Research,CoinDesk,2025-06-27 17:30:35.774587,2025-06-27 20:30:35.774691
Power Slap's Global Explosion: UFC Dana White's Next Billion-Dollar Sport,CoinDesk,2025-06-27 20:24:45.031369,2025-06-27 21:24:45.031483
"Trump terminates all trade talks with Canada, markets falter",TheStreet,2025-06-27 21:30:45.442073,2025-06-27 22:30:45.443008
Market Wrap: Crypto Markets Shrug Off New Trump Tariff Threat as July Deadline Looms,CoinDesk,2025-06-27 19:30:45.446807,2025-06-27 22:30:45.446918
"Ripple to drop cross appeal against US SEC in crypto lawsuit, CEO says",Reuters,2025-06-27 22:32:10.886548,2025-06-27 22:48:10.887505
Jim Cramer has a six-word response to upcoming bull market,TheStreet,2025-06-27 23:00:33.613349,2025-06-27 23:27:33.614313
Veteran fund manager misses more than just Tesla,TheStreet,2025-06-27 22:31:33.617103,2025-06-27 23:27:33.617220
"Anchorage to Phase Out USDC, Agora USD Citing Risks, Stirring Fierce Backlash",CoinDesk,2025-06-27 21:27:33.619038,2025-06-27 23:27:33.619145
Prologis (PLD) Exceeds Market Returns: Some Facts to Consider,Zacks,2025-06-27 22:08:43.818504,2025-06-28 02:08:43.818615
"Gemini Rolls Out Tokenized Stocks in EU, Starting With Strategy Shares",CoinDesk,2025-06-27 22:08:43.819440,2025-06-28 02:08:43.819551
"Jamie Dimon Warns of Market ""Crack."" These 3 Stocks May Offer Shelter.",Motley Fool,2025-06-28 08:00:38.642328,2025-06-28 08:33:38.643278
3 Ways the Genius Act Could Affect the Cryptocurrency Sector Over the Next 5 Years,Motley Fool,2025-06-28 09:00:22.672243,2025-06-28 09:30:22.673203
Could Solana Overtake Ethereum by 2026?,Motley Fool,2025-06-28 08:45:22.674385,2025-06-28 09:30:22.674513
"This 1 Cryptocurrency Could Soar 20,000% Over the Next 21 Years, According to Michael Saylor of Strategy (MicroStrategy)",Motley Fool,2025-06-28 09:13:29.148228,2025-06-28 09:46:29.149183
3 Green Flags for Dogecoin in the Next 12 Months,Motley Fool,2025-06-28 09:45:24.146198,2025-06-28 10:30:24.147200
Which Cryptocurrency Is More Likely to Be a Millionaire Maker? XRP vs. Shiba Inu,Motley Fool,2025-06-28 10:30:53.124503,2025-06-28 11:22:53.125500
5 Macro Trends Likely to Send Bitcoin and XRP Skyrocketing in 2026,Motley Fool,2025-06-28 11:01:00.261879,2025-06-28 11:44:00.262832
"This BlackRock ETF Could Soar 12,770%, According to Billionaire Michael Saylor",Motley Fool,2025-06-28 11:52:41.432139,2025-06-28 12:52:41.433092
Trump ends trade talks with Canada over tax issue,TheStreet,2025-06-27 21:27:02.236693,2025-06-28 14:27:02.236796
Vitalik Buterin has reservations about Sam Altman’s World project,TechCrunch,2025-06-28 16:29:23.859911,2025-06-28 17:25:23.860948
Why is XRP Up Today? Trio of Catalysts Sees Token Outperform Wider Crypto Market,CoinDesk,2025-06-28 15:25:23.861883,2025-06-28 17:25:23.862031
"Bitcoin Treasury Corp Boosts Holdings to 771 BTC, Plans Lending After $51M Buy",CoinDesk,2025-06-28 15:25:23.862871,2025-06-28 17:25:23.863009
"Robinhood Launches Micro Bitcoin, Solana and XRP Futures Contracts",CoinDesk,2025-06-28 16:21:41.015316,2025-06-28 19:21:41.015439
Coinbase Outpaces S&P 500 With 43% June Rise as Stablecoin Narrative Grows: CNBC,CoinDesk,2025-06-28 18:28:46.552087,2025-06-28 20:28:46.553029
Which Cryptocurrency Is More Likely to Be a Millionaire Maker? XRP vs. Cardano,Motley Fool,2025-06-29 08:24:14.097765,2025-06-29 08:51:14.098715
Is Rivian the Smartest Investment You Can Make Today?,Motley Fool,2025-06-29 08:45:28.414025,2025-06-29 09:27:28.414996
Where Will XRP Be in 5 Years?,Motley Fool,2025-06-29 09:45:45.253332,2025-06-29 10:32:45.254383
3 Reasons to Buy Solana Instead of Ethereum and 1 Reason Not To,Motley Fool,2025-06-29 09:38:45.255621,2025-06-29 10:32:45.255757
Wall Street billionaires rattled by socialist Zohran Mamdani's NYC mayoral primary win,TheStreet,2025-06-28 10:49:14.701504,2025-06-29 10:49:14.701627
Jack Dorsey has a savage response to shocking Bitcoin wallet plan,TheStreet,2025-06-29 11:16:52.717975,2025-06-29 11:42:52.718928
Is Schwab US Dividend Equity ETF the Smartest Investment You Can Make Today?,Motley Fool,2025-06-29 12:15:09.885393,2025-06-29 12:53:09.886358
"One Bitcoin Is Over $100,000 — 5 Ways New Investors Can Afford It",GOBankingRates,2025-06-29 12:03:09.887663,2025-06-29 12:53:09.887792
2 Top Buffett Stocks to Buy and Hold for the Long Haul,Motley Fool,2025-06-29 12:55:13.186429,2025-06-29 13:34:13.187402
Jack Dorsey has a four-word response to shocking wallet plan,TheStreet,2025-06-29 11:49:11.277645,2025-06-29 13:49:11.277753
Think It's Too Late to Buy AMD? Here's the Biggest Reason Why There's Still Time.,Motley Fool,2025-06-29 15:12:26.352959,2025-06-29 15:45:26.353927
Crypto Currents: Kraken launches global money app,TipRanks,2025-06-28 15:45:26.368009,2025-06-29 15:45:26.368120
"Trump Trade: Fannie, Freddie ordered to explore crypto as federal mortgage asset",TipRanks,2025-06-27 15:45:26.396515,2025-06-29 15:45:26.396620
"PayPal, Block slip after Kraken launches peer-to-peer payments app",TipRanks,2025-06-27 15:45:26.398306,2025-06-29 15:45:26.398430
"Bitcoin and crypto investors hit with flood of IRS letters, say tax experts",Fortune,2025-06-29 14:33:04.720279,2025-06-29 16:33:04.720402
Could Crypto Take SoFi Stock to the Next Level?,Motley Fool,2025-06-29 16:22:52.119713,2025-06-29 16:52:52.120667
Cathie Wood predicts 'once unattainable new home' demand will spark wealth shift,TheStreet,2025-06-29 18:21:53.573457,2025-06-29 19:21:53.574407
Mastercard Is One of the Largest Financial Companies by Market Cap. But Is It a Buy?,Motley Fool,2025-06-29 19:54:21.537026,2025-06-29 20:29:21.537981
Should You Buy Lucid Stock While It's Below $3?,Motley Fool,2025-06-29 19:29:21.538954,2025-06-29 20:29:21.539078
Build Back Better bill could drop tax on small crypto payments,TheStreet,2025-06-29 20:34:08.016531,2025-06-29 20:46:08.017482
6 Fastest-Growing Cryptos in 2025 To Consider Buying Now,GOBankingRates,2025-06-30 00:24:24.194963,2025-06-30 02:24:24.195912
Asia Morning Briefing: ETH Bulls Eye $3K as Validator Backbone Upgrade Rolls In,CoinDesk,2025-06-30 00:24:24.196794,2025-06-30 02:24:24.196935
BNB Hovers Above $648 as Maxwell Hard Fork Upgrade Set to Double Block Production Speed,CoinDesk,2025-06-29 22:24:24.197750,2025-06-30 02:24:24.197863
Ondo Finance: ‘2025 Will Be the Year of Tokenized Stocks’,CoinDesk,2025-06-29 21:24:24.198674,2025-06-30 02:24:24.198784
"Bitcoin Soars, Altcoins Fade in $300 Billion Crypto Shakeout",Bloomberg,2025-06-30 05:29:52.112258,2025-06-30 07:29:52.113209
Which Cryptocurrency Will Boom in the Second Half of 2025?,Motley Fool,2025-06-30 08:03:56.367292,2025-06-30 08:38:56.368262
3 Concerns Investors Have if the Cryptocurrency-Focused Genius Act Becomes Law,Motley Fool,2025-06-30 09:00:11.805211,2025-06-30 09:33:11.806176
Could Buying IonQ Stock Set You Up for Life?,Motley Fool,2025-06-30 08:41:11.807386,2025-06-30 09:33:11.807515
Crypto Market Maker Wintermute Snags Bitcoin Credit Line From Cantor Fitzgerald,CoinDesk,2025-06-30 06:50:01.640860,2025-06-30 09:50:01.640972
"Metaplanet Acquires 1,005 Bitcoin, Issues $208M Bonds for Further BTC Buys",CoinDesk,2025-06-30 05:50:01.641814,2025-06-30 09:50:01.641925
Can Dogecoin Reach $1 in 10 Years?,Motley Fool,2025-06-30 10:02:02.451646,2025-06-30 10:34:02.452606
"Bitcoin DEX Traders Position for Downside Volatility With $85K-$106K Puts, Derive Data Show",CoinDesk,2025-06-30 07:52:10.710094,2025-06-30 10:52:10.710205
Hong Kong-based crypto platform OSL shares jump on Canadian acquisition,Reuters,2025-06-30 11:07:30.785540,2025-06-30 11:25:30.786537
Should You Buy XRP (Ripple) While It's Under $3?,Motley Fool,2025-06-30 11:00:30.787833,2025-06-30 11:25:30.787963
Trump-Fueled Bitcoin Mania Leaves Most of Crypto in the Dust,Bloomberg,2025-06-30 05:25:30.795314,2025-06-30 11:25:30.795420
Is Invesco S&P International Developed Quality ETF (IDHQ) a Strong ETF Right Now?,Zacks,2025-06-30 10:45:36.515187,2025-06-30 11:45:36.515309
Is JPMorgan Diversified Return U.S. Mid Cap Equity ETF (JPME) a Strong ETF Right Now?,Zacks,2025-06-30 10:45:36.516185,2025-06-30 11:45:36.516305
"Bitcoin Price Not Being Suppressed, Selling by Long-Term Holders, Checkmate Says",CoinDesk,2025-06-30 08:45:36.520388,2025-06-30 11:45:36.520503
The Blockchain Group Bolsters Bitcoin Holdings and Capital Base,CoinDesk,2025-06-30 07:45:36.522314,2025-06-30 11:45:36.522422
Harvard MBA & Judgment Day tattoo — Ripple CEO is '1000%' bullish on XRP,TheStreet,2025-06-30 12:46:26.130670,2025-06-30 12:58:26.131630
"Best money market account rates today, June 29, 2025 (best account provides 4.41% APY)",Yahoo Personal Finance,2025-06-29 12:58:26.159320,2025-06-30 12:58:26.159440
Bank of Korea Halts CBDC Project as Government Submits Stablecoin Bill: Report,CoinDesk,2025-06-30 10:40:26.327033,2025-06-30 13:40:26.327174
"Analysts initiate Circle, some cautious on lofty valuation amid stablecoin boom",Investing.com,2025-06-30 13:53:04.090938,2025-06-30 14:31:04.091892
"Backed Finance Debuts Tokenized Stocks on Bybit, Kraken and Solana DeFi Protocols",CoinDesk,2025-06-30 11:31:04.094762,2025-06-30 14:31:04.094872
"HOOD Unveils Micro Futures for BTC, SOL, XRP: Riding on Crypto Demand?",Zacks,2025-06-30 12:49:51.694782,2025-06-30 14:49:51.694895
The biggest winners from the crypto industry's triumphant 2025,Yahoo Finance,2025-06-30 15:11:35.851736,2025-06-30 15:31:35.852686
Robinhood launches tokens allowing EU users to trade in US stocks,Reuters,2025-06-30 15:08:35.853864,2025-06-30 15:31:35.853990
Robinhood reveals tokenized stock trading in the EU,Yahoo Finance,2025-06-30 15:00:35.855081,2025-06-30 15:31:35.855193
'I wish I had bought more': personal finance author regrets not buying asset,TheStreet,2025-06-30 14:45:35.856282,2025-06-30 15:31:35.856413
Strategy Buys Another $530 Million Worth of Bitcoin,Investopedia,2025-06-30 14:41:35.857499,2025-06-30 15:31:35.857615
"Michael Saylor's Strategy Added 4,980 Bitcoin Last Week, Bringing Stack to 597,325 Coins",CoinDesk,2025-06-30 12:31:35.861254,2025-06-30 15:31:35.861375
5 Pieces of ‘Propaganda’ Money Expert Kumiko Love Isn’t Falling for — and How It Can Help Your Finances,GOBankingRates,2025-06-30 16:00:49.210004,2025-06-30 16:36:49.210972
"Why Trump Would 'Love' Fed Chair Powell to Quit; Strategy Bags Another 4,980 BTC",CoinDesk,2025-06-30 15:52:49.212280,2025-06-30 16:36:49.212425
Michael Saylor sounds 21-year alarm after amassing $64B in Bitcoin,TheStreet,2025-06-30 15:36:49.213260,2025-06-30 16:36:49.213392
"BitMine Immersion Stock Triples as It Raises $250M for Ether Treasury, Adds Thomas Lee to Board",CoinDesk,2025-06-30 13:36:49.219976,2025-06-30 16:36:49.220080
Australian Fintech Eightcap Debuts CoinDesk20 CFD for Retail Traders,CoinDesk,2025-06-30 13:36:49.220908,2025-06-30 16:36:49.221012
Japan’s Answer to Strategy: Metaplanet Initiated With Buy Rating at Benchmark,CoinDesk,2025-06-30 13:36:49.221834,2025-06-30 16:36:49.221938
Bitcoin-Gold Ratio Signals Bullish Flag Pattern,CoinDesk,2025-06-30 16:45:46.510025,2025-06-30 17:27:46.511012
2 reasons why Mastercard and Visa shares are underperforming right now,Investing.com,2025-06-30 16:38:46.512471,2025-06-30 17:27:46.512601
"Robinhood Pushes Deeper Into Crypto With Own Blockchain, Tokenized Stock Launch",CoinDesk,2025-06-30 15:27:46.519109,2025-06-30 17:27:46.519215
"Robinhood plans to launch its own blockchain, offers ‘Stock Tokens’ in EU",Fortune,2025-06-30 15:27:46.520047,2025-06-30 17:27:46.520153
Bhutan Possibly Readies $15M Bitcoin Sale as Holdings Near $1.3B,CoinDesk,2025-06-30 14:27:46.522965,2025-06-30 17:27:46.523073
Popular Financial Advisor Ric Edelman Says Investors Should Allocate Up to 40% of Wealth to Crypto,CoinDesk,2025-06-30 14:27:46.523908,2025-06-30 17:27:46.524014
Coinbase Bets on Tech to Drive Growth and Stay Ahead of Trends,Zacks,2025-06-30 16:46:36.918646,2025-06-30 17:46:36.918756
"What Does 13% YTD Drop Mean for PayPal Stock? Buy, Hold or Sell?",Zacks,2025-06-30 15:46:36.920664,2025-06-30 17:46:36.920774
Why Shares of SoFi Just Hit a 52-Week High Today,Motley Fool,2025-06-30 17:45:12.325153,2025-06-30 18:39:12.325277
"Robinhood (HOOD) Stock Trades Up, Here Is Why",StockStory,2025-06-30 17:43:12.326374,2025-06-30 18:39:12.326504
Veteran macro trader who correctly forecasted S&P 500 rally has a shocking advice,TheStreet,2025-06-30 17:39:12.327344,2025-06-30 18:39:12.327454
Robinhood hits all-time high as aggressive expansion drive powers rally,TheStreet,2025-06-30 18:36:59.152150,2025-06-30 19:22:59.153115
"Bitcoin needs to clear this key technical resistance level to open the door to a 25% rally, strategist says",Business Insider,2025-06-30 18:22:59.156933,2025-06-30 19:22:59.157042
Katana Mainnet Goes Live as Pre-Deposits Hit $232M,CoinDesk,2025-06-30 17:42:45.797273,2025-06-30 19:42:45.797384
Fold Holdings Slumps 7% on Delay in Bitcoin Rewards Credit Card,CoinDesk,2025-06-30 17:42:45.798203,2025-06-30 19:42:45.798313
Industry's PAC Keeps Seeking to Add Allies as Congress Hashes Out Crypto Legislation,CoinDesk,2025-06-30 16:42:45.802761,2025-06-30 19:42:45.802865
Exclusive-Circle applies for US trust bank license after bumper IPO,Reuters,2025-06-30 20:07:27.454021,2025-06-30 20:30:27.455005
"Robinhood CEO Vlad Tenev: EU will probably get 24/7 trading before US, and it would be a 'shame'",Yahoo Finance,2025-06-30 20:04:27.456458,2025-06-30 20:30:27.456590
Why KULR Technology Stock Is Skyrocketing Today,Motley Fool,2025-06-30 19:54:27.457782,2025-06-30 20:30:27.457898
Why Robinhood Stock Is Soaring Today,Motley Fool,2025-06-30 19:43:27.459050,2025-06-30 20:30:27.459165
Why is Fiserv launching a stablecoin?,Investing.com,2025-06-30 19:42:27.460303,2025-06-30 20:30:27.460437
Indian Michael Saylor 'shocked' by Pakistan's Bitcoin move,TheStreet,2025-06-30 19:32:27.461552,2025-06-30 20:30:27.461663
First Solana ETF to Hit the Market This Week; SOL Price Jumps 5%,CoinDesk,2025-06-30 17:30:27.467388,2025-06-30 20:30:27.467500
Popular Financial Adviser Ric Edelman Says Investors Should Allocate Up to 40% of Wealth to Crypto,CoinDesk,2025-06-30 14:30:27.483948,2025-06-30 20:30:27.484054
Circle applies for U.S. trust bank license after successful IPO,Investing.com,2025-06-30 20:36:01.782717,2025-06-30 20:47:01.783673
Crypto could soon help more people get a mortgage — but market experts see 2 risks,Business Insider,2025-06-30 20:04:01.787495,2025-06-30 20:47:01.787609
"Harvard MBA, 'Judgment Day' tattoo & '1000%' belief — Ripple CEO backs XRP big",TheStreet,2025-06-30 13:26:51.670843,2025-06-30 21:26:51.670947
Everything you need to know about the Cash App savings account,Yahoo Personal Finance,2025-06-30 22:11:02.583921,2025-06-30 22:30:02.584911
BitMine stock surges 400% as Tom Lee joins Ethereum treasury company,TheStreet,2025-06-30 21:48:02.586456,2025-06-30 22:30:02.586592
Early Solana investor Kyle Samani on challenging Ethereum,TheStreet,2025-06-30 21:30:02.587504,2025-06-30 22:30:02.587621
"HBAR Climbs 2.1% as Traders Digest ETF Review, AI Launch, and Energy Governance Move",CoinDesk,2025-06-30 20:47:57.849781,2025-06-30 22:47:57.849891
Bitcoin Carried Crypto Markets in 2025's First Half as Altcoins Crumbled. What's Next?,CoinDesk,2025-06-30 20:47:57.850702,2025-06-30 22:47:57.850811
Michael Saylor and Senator Lummis send a hard-nosed response on 'double taxation',TheStreet,2025-06-30 22:46:36.337877,2025-06-30 23:26:36.338828
"ETH Price Surges as $2.9B Inflows, EthCC, and Robinhood’s L2 Fuel Bullish Sentiment",CoinDesk,2025-06-30 21:45:34.637935,2025-06-30 23:45:34.638045
Circle Applies for National Trust Bank Charter,CoinDesk,2025-06-30 20:45:34.639851,2025-06-30 23:45:34.639959
Legal software company Clio drops $1B on law data giant vLex,TechCrunch,2025-07-01 00:30:59.368934,2025-07-01 02:30:59.369883
"IRS sends fresh batch of tax notices, stoking investor concern",TheStreet,2025-07-01 00:30:59.370817,2025-07-01 02:30:59.370942
Jim Cramer drops blunt eight-word verdict on Circle stock,TheStreet,2025-06-30 23:30:59.371772,2025-07-01 02:30:59.371884
Senator Seeks to Waive U.S. Taxes on Small-Scale Crypto Activity in Big Budget Bill,CoinDesk,2025-06-30 23:30:59.372742,2025-07-01 02:30:59.372853
Banking Expert: 8 Ways To Use Your Bank’s Products & Services To Build and Protect Wealth,GOBankingRates,2025-06-30 20:30:59.382959,2025-07-01 02:30:59.383063
Third-Party Ad Measurement Partners Announce New Snap Attention Measurement,Social Media Today,2025-06-30 20:30:59.386582,2025-07-01 02:30:59.386686
Asia Morning Briefing: Are Distributed Compute Tokens Undervalued vs. CoreWeave (CRWV)?,CoinDesk,2025-07-01 01:34:01.932384,2025-07-01 05:34:01.933350
Jim Cramer drops blunt eight-word verdict on rising tech stock,TheStreet,2025-06-30 23:51:02.204214,2025-07-01 05:51:02.204327
Asia Morning Briefing: Are Distributed Compute Tokens Undervalued Vs CoreWeave?,CoinDesk,2025-07-01 01:42:56.829754,2025-07-01 06:42:56.830704
"Trump-linked firm raises $220M, plans for IPO launch",TheStreet,2025-07-01 06:39:28.465780,2025-07-01 07:30:28.466738
"XRP, TRX, DOGE Lead Majors With Positive Funding Rates as Bitcoin's Traditionally Weak Quarter Begins",CoinDesk,2025-07-01 05:38:07.569821,2025-07-01 08:38:07.569965
HDV Is a Popular Dividend ETF for Passive Income. But Is It the Best?,Motley Fool,2025-07-01 09:00:11.741143,2025-07-01 09:33:11.742096
Could Investing in Bitcoin Help You Buy Your Next House?,Motley Fool,2025-07-01 08:33:11.743077,2025-07-01 09:33:11.743200
Bitcoin ETP With DeFi Yield Goes Live in Europe,CoinDesk,2025-07-01 07:33:11.744050,2025-07-01 09:33:11.744161
"Robinhood, Kraken-Backed Global Dollar (USDG) Comes to Europe",CoinDesk,2025-07-01 06:33:11.745903,2025-07-01 09:33:11.746012
Where Will Shiba Inu Be in 5 Years?,Motley Fool,2025-07-01 10:00:03.235046,2025-07-01 10:34:03.235998
Germany's Public Savings Bank Network Sparkassen to Offer Bitcoin Trading to Clients: Report,CoinDesk,2025-07-01 07:34:03.238844,2025-07-01 10:34:03.238955
Will XRP Ever Reach $10?,Motley Fool,2025-07-01 10:15:24.851957,2025-07-01 10:52:24.852931
DOGE’s overhaul of SEC targets SPAC and private fund rules,Investing.com,2025-07-01 10:46:12.859760,2025-07-01 11:25:12.860727
"Exclusive: DOGE now targeting SEC policy, eyes SPAC rules, sources say",Reuters,2025-07-01 10:25:12.862663,2025-07-01 11:25:12.862776
ARK Invest Sold $95M of Coinbase Shares After COIN's Surge to Record Highs,CoinDesk,2025-07-01 08:25:12.866346,2025-07-01 11:25:12.866450
Should You Buy Dogecoin While It's Under $1?,Motley Fool,2025-07-01 11:10:16.356029,2025-07-01 11:44:16.356988
"Hokkoku, Soft Space to unveil SoftPOS supporting stablecoin payments",Electronic Payments,2025-07-01 12:40:22.955808,2025-07-01 13:40:22.956786
Nuvei launches direct payment acquiring in Canada,Electronic Payments,2025-07-01 12:40:22.957767,2025-07-01 13:40:22.957900
Robinhood Markets (HOOD) Surges 12.8%: Is This an Indication of Further Gains?,Zacks,2025-07-01 12:40:22.958768,2025-07-01 13:40:22.958884
Third-Party Ad Measurement Partners Announce Snap Attention Measurement,Social Media Today,2025-06-30 20:40:22.987711,2025-07-01 13:40:22.987815
Circle's Trust Bank Bid: Will This Boost USDC's Market Dominance?,Zacks,2025-07-01 13:29:59.482601,2025-07-01 14:29:59.483566
Bitcoin Network Hashrate Declined in June as Miners Reacted to Recent Heatwave: JPMorgan,CoinDesk,2025-07-01 11:29:59.487442,2025-07-01 14:29:59.487559
The Blockchain Group Raises $13M to Advance Bitcoin Treasury Vision,CoinDesk,2025-07-01 11:29:59.489340,2025-07-01 14:29:59.489447
Why Shares of Bitmine Immersion Technologies Are Skyrocketing Today,Motley Fool,2025-07-01 14:55:51.733723,2025-07-01 15:30:51.734686
Robinhood Stock Sets Latest All-Time High on New Crypto Offerings,Investopedia,2025-07-01 14:30:51.735612,2025-07-01 15:30:51.735740
Analog Devices (ADI) Now Trades Above Golden Cross: Time to Buy?,Zacks,2025-07-01 14:30:51.736579,2025-07-01 15:30:51.736692
"The Zacks Analyst Blog Highlights PayPal, Visa, Mastercard and Coinbase Global",Zacks,2025-07-01 13:30:51.737518,2025-07-01 15:30:51.737628
"Securitize, RedStone Pilot ‘Trusted Single Source Oracle’ to Secure Tokenized Fund NAVs",CoinDesk,2025-07-01 12:30:51.740316,2025-07-01 15:30:51.740424
"Circle's Valuation Not Stretched, Says Citi, Starting Coverage With Buy Rating",CoinDesk,2025-07-01 12:30:51.741229,2025-07-01 15:30:51.741336
Crypto Investors Lost $2.5B to Hacks and Scams in the First Half of 2025: Certik,CoinDesk,2025-07-01 12:30:51.742126,2025-07-01 15:30:51.742235
Why stablecoin issuer Circle wants to be a bank,Yahoo Finance,2025-07-01 15:47:18.313639,2025-07-01 15:47:41.314583
"Meta adds business voice calling to WhatsApp, explores AI-powered product recommendations",TechCrunch,2025-07-01 15:36:32.421382,2025-07-01 16:36:32.421507
HOOD Launches Tokenized Stocks in EU: Betting on Digital Asset Boom?,Zacks,2025-07-01 15:36:32.423284,2025-07-01 16:36:32.423393
"Bitcoin Layer-2 Botanix Mainnet Debuts, Cuts Block Times to 5 Seconds",CoinDesk,2025-07-01 14:36:32.425185,2025-07-01 16:36:32.425349
South Korean Exchange Upbit to Work on Won Stablecoin With Naver Pay: Report,CoinDesk,2025-07-01 14:36:32.426182,2025-07-01 16:36:32.426288
"CoinDesk 20 Performance Update: Solana (SOL) Drops 5.4%, Leading Index Lower",CoinDesk,2025-07-01 13:36:32.428022,2025-07-01 16:36:32.428125
MARA Holdings Nears 50K Bitcoin Treasury Milestone,CoinDesk,2025-07-01 13:36:32.429860,2025-07-01 16:36:32.429962
Why Dogecoin Is Sinking Today,Motley Fool,2025-07-01 16:57:16.573896,2025-07-01 17:30:16.574868
"Solana News: Tokenized Stocks, Micro Futures, and Staking ETFs Incoming",CoinMarketCap,2025-07-01 16:30:16.575832,2025-07-01 17:30:16.575957
Litecoin Slides as ETF Optimism Battles Wider Market Slowdown,CoinDesk,2025-07-01 15:30:16.578723,2025-07-01 17:30:16.578832
Mastercard to Expand Crypto Team With Two Senior Hires to Drive Blockchain Initiatives,CoinDesk,2025-07-01 15:30:16.579658,2025-07-01 17:30:16.579766
NEAR Protocol Falls 2% as Support Level Faces Critical Test,CoinDesk,2025-07-01 15:30:16.582457,2025-07-01 17:30:16.582563
Trump family’s Bitcoin-mining company raises $220 million,Fortune,2025-07-01 15:30:16.583397,2025-07-01 17:30:16.583504
ATOM Plunges Below $4 as Selling Pressure Intensifies,CoinDesk,2025-07-01 15:30:16.584331,2025-07-01 17:30:16.584438
"Bitcoin Cash Surges 5%, Chalks Out Bullish Golden Cross Against BTC",CoinDesk,2025-07-01 14:30:16.586163,2025-07-01 17:30:16.586283
Texas Just Delivered Incredible News to Bitcoin Investors Everywhere,Motley Fool,2025-07-01 17:10:15.012518,2025-07-01 17:48:15.013485
Will Buy As Much Bitcoin As We Can: Twenty One CEO,Bloomberg,2025-07-01 17:51:06.703234,2025-07-01 18:39:06.704201
Here's Why Sales & Marketing Spend is Pivotal for Coinbase,Zacks,2025-07-01 16:39:06.707175,2025-07-01 18:39:06.707290
Peter Thiel sold 20 million shares of Facebook just months after its IPO—but they’d be worth nearly $15 billion more if he had held on,Fortune,2025-07-01 16:39:06.709067,2025-07-01 18:39:06.709193
Solana Staking ETF Approved For Debut,Bloomberg,2025-07-01 18:28:15.567303,2025-07-01 19:23:15.568259
"Investors Have Lost Nearly $2.5B on Crypto Scams, Hacks So Far in 2025: Report",Investopedia,2025-07-01 19:48:25.873014,2025-07-01 20:31:25.874004
The most volatile cryptocurrencies in the first half of 2025,Stacker,2025-07-01 19:31:25.875005,2025-07-01 20:31:25.875130
Analysts reboot Robinhood stock price target after crypto event,TheStreet,2025-07-01 19:31:25.875982,2025-07-01 20:31:25.876096
Why Robinhood Stock Is Soaring: A Buying Opportunity?,Zacks,2025-07-01 19:31:25.876952,2025-07-01 20:31:25.877063
Is Crypto Ready for Q-Day?,CoinDesk,2025-07-01 16:31:25.881637,2025-07-01 20:31:25.881743
Kraken's tokenized US equities go live on Solana for global users,TheStreet,2025-07-02 00:18:45.732617,2025-07-02 02:18:45.733641
Asia Morning Briefing: Leverage Meets Patience as Bitcoin Builds Toward a Breakout,CoinDesk,2025-07-01 23:18:45.734822,2025-07-02 02:18:45.734950
"Why Is Ether Struggling Near $2,400 Even as More Firms Add ETH to Their Treasuries?",CoinDesk,2025-07-01 22:18:45.735797,2025-07-02 02:18:45.735919
Solana Drops Below $146 Despite Imminent Launch of First U.S.-Based SOL Staking ETF,CoinDesk,2025-07-01 21:18:45.737134,2025-07-02 02:18:45.737283
Elon Musk's Tesla loses ground as Japanese rival takes the lead,TheStreet,2025-07-01 20:18:45.738114,2025-07-02 02:18:45.738253
"Polkadot's DOT Slips 4% From Highs, Now Testing Support at $3.32 Level",CoinDesk,2025-07-01 19:18:45.742799,2025-07-02 02:18:45.742901
Bitcoin Pulls Back to $106K After Record Monthly Close,CoinDesk,2025-07-01 18:18:45.744642,2025-07-02 02:18:45.744747
X Will Enable AI Bots to Create Community Notes,Social Media Today,2025-07-01 18:18:45.746745,2025-07-02 02:18:45.746881
Stablecoin Push Gains Ground in China in New Challenge to US,Bloomberg,2025-07-02 04:00:06.804153,2025-07-02 04:38:06.805120
2 No-Brainer Exchange-Traded Funds (ETFs) to Buy With $650 in July,Motley Fool,2025-07-02 08:12:48.317588,2025-07-02 08:37:48.318552
DWS venture gets German finance regulator's approval for euro stablecoin,Reuters,2025-07-02 07:47:48.319935,2025-07-02 08:37:48.320064
Is the Cryptocurrency XRP (Ripple) a Millionaire-Maker?,Motley Fool,2025-07-02 09:00:13.699704,2025-07-02 09:33:13.700691
5 Indicators Pointing Toward a Massive Bitcoin Breakout Right Now,Motley Fool,2025-07-02 08:45:13.702170,2025-07-02 09:33:13.702318
"Will a $5,000 Investment in Solana Turn Into $10,000 by 2030?",Motley Fool,2025-07-02 08:33:13.703235,2025-07-02 09:33:13.703353
Will XRP (Ripple) Hit $5 in the Second Half of 2025?,Motley Fool,2025-07-02 08:33:13.704195,2025-07-02 09:33:13.704307
Dogecoin Rebounds After Forming 'Double Bottom',CoinDesk,2025-07-02 07:33:13.706994,2025-07-02 09:33:13.707098
Can Buying the Vanguard S&P 500 ETF Make You a Millionaire?,Motley Fool,2025-07-02 09:25:43.600619,2025-07-02 09:49:43.601815
Prediction: Buying Nu Holdings Stock Today Could Set You Up for Life,Motley Fool,2025-07-02 09:50:55.160180,2025-07-02 10:33:55.161154
Why SoFi Stock Skyrocketed by 37% in June,Motley Fool,2025-07-02 10:42:12.136727,2025-07-02 11:25:12.137765
"Could a $10,000 Investment in XRP Turn Into $50,000 By 2030?",Motley Fool,2025-07-02 11:15:12.314013,2025-07-02 11:44:12.314979
Public Companies Buy More Bitcoin Than ETFs for Third Consecutive Quarter,CoinDesk,2025-07-02 09:44:12.319771,2025-07-02 11:44:12.319878
"Deutsche Bank’s DWS, Galaxy, Flow Traders Venture to Introduce German-Regulated Stablecoin",CoinDesk,2025-07-02 08:44:12.321618,2025-07-02 11:44:12.321725
"Tech billionaires led by Palmer Luckey to launch new bank to rival SVB, FT reports",Reuters,2025-07-02 12:41:05.090054,2025-07-02 12:58:05.091033
Which Cryptocurrency Is More Likely to Be a Millionaire Maker? Dogecoin vs. Cardano,Motley Fool,2025-07-02 11:58:05.092006,2025-07-02 12:58:05.092131
"Instant Payments Fintech Ivy Adds Circle’s USDC, EURC Stablecoins",CoinDesk,2025-07-02 10:58:05.094828,2025-07-02 12:58:05.094938
"Best money market account rates today,  July 1, 2025 (Earn up to 4.41% APY)",Yahoo Personal Finance,2025-07-01 12:58:05.151960,2025-07-02 12:58:05.152064
Tech billionaires to launch new crypto-focused bank Erebor amid SVB’s void,Investing.com,2025-07-02 13:07:29.024956,2025-07-02 13:39:29.025936
Every SoFi Investor Should Keep an Eye on This Number,Motley Fool,2025-07-02 12:39:29.028245,2025-07-02 13:39:29.028358
X Will Enable AI Bots To Create Community Notes,Social Media Today,2025-07-01 17:39:29.056148,2025-07-02 13:39:29.056252
2 Reasons You May Want to Swap Coinbase for CONY,Motley Fool,2025-07-02 13:30:39.598561,2025-07-02 14:30:39.599540
"Even If You Want to Short Coinbase (COIN), Think Twice Before Buying the FIAT High Yield ETF",Motley Fool,2025-07-02 13:30:39.600585,2025-07-02 14:30:39.600724
Exclusive: Coinbase buys token manager Liquifi as crypto M&A heats up,Fortune,2025-07-02 12:30:39.604557,2025-07-02 14:30:39.604664
Wall Street banking giant targets carbon credit market,TheStreet,2025-07-02 16:29:15.139314,2025-07-02 17:29:15.140294
U.S. M2 Money Supply Hits Record High: What Does This Mean for BTC?,CoinDesk,2025-07-02 16:29:15.141262,2025-07-02 17:29:15.141387
Trump's landmark trade deal with Vietnam has markets spiking,TheStreet,2025-07-02 18:07:22.306342,2025-07-02 18:39:22.307307
Ripple applies for US national bank charter as crypto eyes next frontier,Reuters,2025-07-02 18:01:22.308512,2025-07-02 18:39:22.308639
Bitcoin Scaling Solution Botanix Launches To Solve Bitcoin DeFi,TheStreet,2025-07-02 17:39:22.309505,2025-07-02 18:39:22.309618
ETFs to Capture Market Momentum in the Second Half of 2025,Zacks,2025-07-02 17:39:22.310460,2025-07-02 18:39:22.310571
"Defi Dev Hikes Convertible Note Offering to $112M for Buyback, More SOL Purchase",CoinDesk,2025-07-02 15:39:22.313277,2025-07-02 18:39:22.313384
"Solana Staking ETF Opens for Trade, Becoming First Such U.S. Crypto Staking Product",CoinDesk,2025-07-02 15:39:22.314216,2025-07-02 18:39:22.314323
"ATOM Rebounds from Key Support, Poised for Further Gains",CoinDesk,2025-07-02 15:39:22.315140,2025-07-02 18:39:22.315247
Ponzi VCs Are Strangling Blockchain,CoinDesk,2025-07-02 14:39:22.316056,2025-07-02 18:39:22.316161
"Coinbase is Driving Adoption of Circle's USDC for Payments, Financial Services: Bernstein",CoinDesk,2025-07-02 16:23:29.033428,2025-07-02 19:23:29.033536
Vitalik Buterin: Ethereum at Risk If Decentralization Is Just a Catchphrase,CoinDesk,2025-07-02 16:23:29.035305,2025-07-02 19:23:29.035415
PEPE Price Rises on Golden Cross as Trade Hopes Steady Crypto Market,CoinDesk,2025-07-02 16:23:29.036215,2025-07-02 19:23:29.036337
NEAR Protocol Surges 8% as Bitwise Launches New Staking ETP,CoinDesk,2025-07-02 16:23:29.037134,2025-07-02 19:23:29.037265
Bitcoin Futures Open Interest Surges Nearly 10% as BTC Eyes $110K,CoinDesk,2025-07-02 17:43:18.531581,2025-07-02 19:43:18.531691
"Bitcoin Rebounds Toward $110K, Presaging What Could Be a Volatile July",CoinDesk,2025-07-02 16:43:18.533477,2025-07-02 19:43:18.533585
OpenAI says it has not partnered with Robinhood for stock token,Reuters,2025-07-02 20:19:43.176650,2025-07-02 20:29:43.177621
"Ripple eyes U.S. banking license in bold expansion push, XRP jumps",TheStreet,2025-07-02 20:09:43.179034,2025-07-02 20:29:43.179183
BlackRock’s Bitcoin ETF Generating More Revenue Than Its Flagship S&P 500 Fund,CoinDesk,2025-07-02 18:29:43.183816,2025-07-02 20:29:43.183920
"Ripple Applies for Federal Bank Trust Charter, XRP Jumps 3%",CoinDesk,2025-07-02 17:29:43.184746,2025-07-02 20:29:43.184850
Polkadot's DOT Rises 6% as Bullish Momentum Breaks Key Resistance,CoinDesk,2025-07-02 17:29:43.185666,2025-07-02 20:29:43.185770
"Coinbase Is Driving Adoption of Circle's USDC for Payments, Financial Services: Bernstein",CoinDesk,2025-07-02 16:29:43.190269,2025-07-02 20:29:43.190372
Solana’s first ETF goes live as crypto analysts predict surge of new altcoin funds,Fortune,2025-07-02 18:46:40.330347,2025-07-02 20:46:40.330459
Shocking truth about Trump’s net worth no one's talking about,TheStreet,2025-07-02 21:14:20.707831,2025-07-02 21:27:20.708799
OpenAI denies partnership with Robinhood on stock tokens,Investing.com,2025-07-02 20:55:20.710017,2025-07-02 21:27:20.710144
Ripple Expands Stablecoin Infrastructure Partnership as It Seeks Bank License,CoinDesk,2025-07-02 19:27:20.712883,2025-07-02 21:27:20.712991
Circle applies for national trust charter,Banking Dive,2025-07-02 16:27:20.725685,2025-07-02 21:27:20.725788
Judge again denies request to slash Ripple’s SEC penalty,Banking Dive,2025-07-02 06:27:20.751278,2025-07-02 21:27:20.751402
JPMorgan’s Blockchain Arm Kinexys Tests Tokenized Carbon Credits With S&P Global,CoinDesk,2025-07-02 19:44:48.359094,2025-07-02 21:44:48.359203
"Pompliano: The bigger bitcoin gets, the less risky it becomes",Bloomberg,2025-07-02 21:41:34.672680,2025-07-02 22:29:34.673634
Trump’s net worth now includes surprising million-dollar addition,TheStreet,2025-07-02 21:29:34.674531,2025-07-02 22:29:34.674655
Why Strategy Stock Popped by 8% Today,Motley Fool,2025-07-02 22:14:25.596348,2025-07-02 22:47:25.597283
SEC Halts Grayscale Large Cap Fund Conversion for 'Review' a Day After Staff Approval,CoinDesk,2025-07-02 20:47:25.602113,2025-07-02 22:47:25.602220
BONK Surges 10% as Tuttle Capital Sets July 16 as Earliest Launch Date for Its 2X Leveraged ETF,CoinDesk,2025-07-02 19:47:25.603042,2025-07-02 22:47:25.603147
"DoubleVerify, IAS develop attention measurement solutions for Snap",Marketing Dive,2025-07-02 11:47:25.631657,2025-07-02 22:47:25.631762
"Circle, after rejecting Ripple and Coinbase's acquisition bids, now chases major win",TheStreet,2025-07-02 22:43:10.320031,2025-07-02 23:28:10.321035
Former Apple exec has one word response to new regulation,TheStreet,2025-07-02 22:28:10.322033,2025-07-02 23:28:10.322165
"Spot Ethereum ETFs Could See Explosive Growth in H2 2025, Says Bitwise CIO",CoinDesk,2025-07-02 21:28:10.326727,2025-07-02 23:28:10.326835
OpenAI condemns Robinhood’s ‘OpenAI tokens’,TechCrunch,2025-07-03 00:19:25.717128,2025-07-03 02:19:25.718106
OpenAI Warns That Tokenized Equity Sale on Robinhood Is Unauthorized,CoinDesk,2025-07-02 22:19:25.721919,2025-07-03 02:19:25.722028
Asia Morning Briefing: SOL up 4% as Analysts Say Staking ETF (SSK) Has Strong Launch,CoinDesk,2025-07-03 02:51:52.006058,2025-07-03 05:51:52.007021
"China's tech giants lobby for offshore yuan stablecoin, sources say",Reuters,2025-07-03 07:06:46.305192,2025-07-03 07:28:46.306154
2 Top S&P 500 Dividend Stocks to Buy Now,Motley Fool,2025-07-03 07:50:01.629800,2025-07-03 08:37:01.629938
"If Billionaires Are Buying Bitcoin Hand Over Fist, Why Isn't the Price of Bitcoin Soaring?",Motley Fool,2025-07-03 08:45:44.752814,2025-07-03 09:31:44.753769
"Swiss Bank AMINA Introduces Custody, Trading With Ripple’s RLUSD Stablecoin",CoinDesk,2025-07-03 06:31:44.757826,2025-07-03 09:31:44.757936
XRP $3 Bets Dominate Trading Volumes as XRP/BTC's 'Wedge' Suggests Further Rally,CoinDesk,2025-07-03 07:49:04.778494,2025-07-03 09:49:04.778603
"If I Could Buy Only 1 High-Yield Dividend Stock for Passive Income in July, This Would Be It",Motley Fool,2025-07-03 10:10:54.009496,2025-07-03 10:33:54.010456
Perma Bull and Wall Street Strategist Tom Lee Is Betting $250 Million On This Cryptocurrency (Hint: Not Bitcoin),Motley Fool,2025-07-03 09:45:54.011639,2025-07-03 10:33:54.011765
"Circle, which rejected Ripple and Coinbase's acquisition offers, eyes big win",TheStreet,2025-07-02 23:33:54.019130,2025-07-03 10:33:54.019255
"Ripple eyes U.S. banking license, triggering XRP rally",TheStreet,2025-07-02 20:33:54.026689,2025-07-03 10:33:54.026792
Orbital partners with ClearBank to enhance euro transactions,Electronic Payments,2025-07-03 11:30:24.463935,2025-07-03 11:44:24.464989
"OpenPayd, Ripple forge stablecoin payments alliance",Electronic Payments,2025-07-03 11:21:24.466446,2025-07-03 11:44:24.466575
Surmodics still recovering after June cyberattack,Medical Device Network,2025-07-03 11:19:24.467769,2025-07-03 11:44:24.467889
Is First Trust RBA American Industrial Renaissance ETF (AIRR) a Strong ETF Right Now?,Zacks,2025-07-03 10:44:24.468750,2025-07-03 11:44:24.468860
Dogecoin Is Down 46%. Should You Buy the Dip?,Motley Fool,2025-07-03 12:20:12.471884,2025-07-03 12:56:12.472831
Amundi warns US stablecoin policy could destabilise global payments system,Reuters,2025-07-03 12:05:12.474021,2025-07-03 12:56:12.474144
"Stocks making big moves yesterday: Tesla, Reddit, Coinbase, Oscar Health, and Intel",StockStory,2025-07-03 13:01:32.538214,2025-07-03 13:38:32.539218
OpenAI Says It Does Not Endorse Robinhood's 'Stock Tokens' of ChatGPT Maker,Investopedia,2025-07-03 12:57:32.540588,2025-07-03 13:38:32.540715
"Bitcoin Tops $110K; BONK, FARTCOIN Climb More Than 20%",CoinDesk,2025-07-03 10:38:32.549092,2025-07-03 13:38:32.549198
1 Momentum  Stock Worth Your Attention and 2 to Question,StockStory,2025-07-03 05:38:32.554647,2025-07-03 13:38:32.554753
"J.P.Morgan wary of stablecoin's trillion-dollar growth bets, cuts them by half",Reuters,2025-07-03 13:44:45.074298,2025-07-03 14:30:45.075292
Cipher Mining (CIFR) Soars 15.9%: Is Further Upside Left in the Stock?,Zacks,2025-07-03 12:30:45.079202,2025-07-03 14:30:45.079312
Former Apple exec has one-word response to new regulation,TheStreet,2025-07-02 22:30:45.096216,2025-07-03 14:30:45.096322
Surprising details about President Trump’s wealth that many miss,TheStreet,2025-07-02 21:30:45.099988,2025-07-03 14:30:45.100094
"Everything you need to know about Flashes, the Bluesky-based Instagram alternative",TechCrunch,2025-07-03 13:49:20.746466,2025-07-03 14:49:20.747507
"Shiba Inu Chalks Out Bullish Inverse H&S as BONK Cheers ETF Speculation, 1M Holder Milestone",CoinDesk,2025-07-03 12:30:45.171355,2025-07-03 15:30:45.171463
"JPMorgan Sees Stablecoin Market Hitting $500B by 2028, Far Below Bullish Forecasts",CoinDesk,2025-07-03 12:30:45.175080,2025-07-03 15:30:45.175186
Better Dividend ETF to Buy for Passive Income: SCHD or GCOW,Motley Fool,2025-07-03 15:12:22.679584,2025-07-03 15:48:22.680528
Exclusive: Telegram blockchain startup TOP raises $28.5 million as messaging platform expands crypto footprint,Fortune,2025-07-03 13:48:22.683357,2025-07-03 15:48:22.683466
BlackRock’s breakout offering overtakes flagship S&P 500 fund in revenue,TheStreet,2025-07-03 16:20:59.799020,2025-07-03 16:35:59.799979
BlackRock’s Bitcoin ETF Bringing More Revenue Than Its Iconic S&P 500 Fund,CoinDesk,2025-07-03 15:45:59.801401,2025-07-03 16:35:59.801537
You might be pronouncing 'Nvidia' the wrong way,Business Insider,2025-07-03 15:44:59.802695,2025-07-03 16:35:59.802810
State Street Sees Enormous Movement into ETFs,Bloomberg,2025-07-03 15:35:59.803665,2025-07-03 16:35:59.803775
"The Great Bitcoin Power Shift Has Large Holders Dumping 500,000 Coins",Bloomberg,2025-07-03 15:35:59.805568,2025-07-03 16:35:59.805677
PEPE Climbs 10% as Golden Cross Signals Possible Further Gains in Hot Memecoin Market,CoinDesk,2025-07-03 14:35:59.806508,2025-07-03 16:35:59.806616
Filecoin Gains as Much as 9% Amid Wider Crypto Market Rally,CoinDesk,2025-07-03 14:35:59.809287,2025-07-03 16:35:59.809394
Crypto Exchange Coinone Wins South Korean Court Battle Over Doubled Bitcoin Withdrawals,CoinDesk,2025-07-03 13:35:59.811136,2025-07-03 16:35:59.811241
Abu Dhabi Ventures Into Bond Tokenization with HSBC and FAB as RWA Momentum Accelerates,CoinDesk,2025-07-03 13:35:59.812071,2025-07-03 16:35:59.812175
"Why Doesn't the U.S. Have a Bitcoin Reserve, Yet?",CoinDesk,2025-07-03 13:35:59.813914,2025-07-03 16:35:59.814019
Veteran macro investor delivers blunt verdict on public-private market war,TheStreet,2025-07-03 17:17:45.320837,2025-07-03 17:29:45.321802
OpenAI Casts Doubt on Robinhood’s New Tokenized Equity Products,Bloomberg,2025-07-03 16:29:45.325560,2025-07-03 17:29:45.325671
Here's what you don't know about President Trump's net worth,TheStreet,2025-07-02 21:29:45.361313,2025-07-03 17:29:45.361418
Hut 8 (HUT) Moves 14.1% Higher: Will This Strength Last?,Zacks,2025-07-03 16:47:16.426283,2025-07-03 17:47:16.426425
"Anduril CEO Palmer Luckey's new digital banking startup set to be valued at $2 billion, sources say",Business Insider,2025-07-03 17:50:11.437557,2025-07-03 18:39:11.438507
What Stripe's Crypto Bets Signal About the Future of Finance,CoinDesk,2025-07-03 15:39:11.446004,2025-07-03 18:39:11.446111
Tether to Mine Bitcoin With Adecoagro in Brazil Using Surplus Renewable Energy,CoinDesk,2025-07-03 15:39:11.448732,2025-07-03 18:39:11.448853
Why MARA Holdings Stock Gained 17% This Week,Motley Fool,2025-07-03 18:53:11.366958,2025-07-03 19:23:11.367918
Will Sovereign Investment Be the Game Changing Catalyst for Bitcoin?,CoinDesk,2025-07-03 18:23:11.369839,2025-07-03 19:23:11.369972
BONK Leads Memecoin Amid Crypto Rally While the Token Approaches 1M Holder Milestone,CoinDesk,2025-07-03 17:23:11.371785,2025-07-03 19:23:11.371912
NEAR Protocol Surges 10% Before Profit-Taking Halts Rally,CoinDesk,2025-07-03 17:23:11.373706,2025-07-03 19:23:11.373813
"ATOM Consolidates as Bitcoin Takes Driving Seat, Finds Support at $4.20",CoinDesk,2025-07-03 16:23:11.375599,2025-07-03 19:23:11.375704
The Open Platform Becomes First TON Unicorn Following $28.5M Raise,CoinDesk,2025-07-03 16:23:11.376540,2025-07-03 19:23:11.376646
Asset Managers: Blockchain Can Modernize Your Operations and Reinvigorate Your Product Line,CoinDesk,2025-07-03 17:42:43.716718,2025-07-03 19:42:43.716830
Solana Treasury Firm Expands SOL Holdings and Staking Strategy With $2.7M Purchase,CoinDesk,2025-07-03 17:42:43.718736,2025-07-03 19:42:43.718850
"Tom Lee's Bitmine Surges 3,000% Since ETH Treasury Strategy, but Sharplink's Plunge Warrants Caution",CoinDesk,2025-07-03 17:42:43.719687,2025-07-03 19:42:43.719796
Cardano’s ADA Rises as Altcoin Trading Volume Surges Amid Broader Rally,CoinDesk,2025-07-03 17:42:43.720638,2025-07-03 19:42:43.720746
9 Rare Coins That Can Make You Rich,GOBankingRates,2025-07-03 20:02:27.885300,2025-07-03 20:30:27.886275
Sui Reclaims $3 After Week-Long Rally Sparked by Lion Group’s Treasury Plans,CoinDesk,2025-07-03 19:26:44.565106,2025-07-03 21:26:44.565211
"Trump's ‘big, beautiful bill’ passes Congress with 90% odds of U.S. debt exceeding $38T",TheStreet,2025-07-03 21:52:26.055806,2025-07-03 22:29:26.056773
OpenAI warns its tokenized stock offered by Robinhood isn't real equity: 'Please be careful',Business Insider,2025-07-03 22:44:22.545297,2025-07-03 22:47:22.545405
Why BitMine Immersion Technologies Stock Skyrocketed Today,Motley Fool,2025-07-03 22:34:08.727667,2025-07-03 23:27:08.728608
Amber International Raises $25.5M to Expand $100M Crypto Reserve Strategy,CoinDesk,2025-07-03 21:27:08.730591,2025-07-03 23:27:08.730704
"Ondo, Pantera Capital to Invest $250M in Real-World Asset Projects",CoinDesk,2025-07-03 21:27:08.731549,2025-07-03 23:27:08.731658
ETH Holds Firm as Strong U.S. Jobs Data Lifts S&P 500 and Nasdaq Composite to Record Highs,CoinDesk,2025-07-03 21:27:08.732495,2025-07-03 23:27:08.732603
SEC's Pause of Grayscale Fund Is Likely Temporary,CoinDesk,2025-07-03 20:27:08.733432,2025-07-03 23:27:08.733538
What Are These OpenAI and SpaceX Stock Tokens Robinhood Is Giving Away?,Investopedia,2025-07-03 22:45:51.435119,2025-07-03 23:45:51.436081
"Trump’s wealth remains flat at $6.4 billion, but its not all",TheStreet,2025-07-03 03:37:52.363120,2025-07-04 03:37:52.363231
Wall Street’s hottest debate pits Jim Chanos against Michael Saylor,Yahoo Finance,2025-07-04 08:00:55.605751,2025-07-04 08:36:55.606712
"Crypto ETF BLOX, Which Offers Digital Asset Exposure and Options Income, Gains Steam",CoinDesk,2025-07-04 07:31:21.986841,2025-07-04 09:31:21.986967
Where Will XRP (Ripple) Be in 5 Years?,Motley Fool,2025-07-04 10:11:04.439476,2025-07-04 10:50:04.440451
Bitcoin Whales Wake Up From 14-Year Slumber to Move Over $2B of BTC,CoinDesk,2025-07-04 07:50:04.442446,2025-07-04 10:50:04.442561
My Smartest Dividend Stock to Buy Today,Motley Fool,2025-07-04 11:13:52.457557,2025-07-04 11:43:52.458521
3 Key Headwinds Facing USDC,Motley Fool,2025-07-04 11:07:52.459741,2025-07-04 11:43:52.459865
3 Reasons to Buy XRP Before the End of Summer,Motley Fool,2025-07-04 12:17:40.889308,2025-07-04 12:56:40.889435
Russian Malware Campaign Adds Downward Pressure to Internet Computer's ICP Token,CoinDesk,2025-07-04 09:56:40.893139,2025-07-04 12:56:40.893248
Regional Banks Stocks Q1 Recap: Benchmarking Webster Financial (NYSE:WBS),StockStory,2025-07-04 03:56:40.896830,2025-07-04 12:56:40.896937
Expert Who Predicted Tesla Stock Crash Reconsiders — Bitcoin and 3 More Factors To Watch,GOBankingRates,2025-07-04 13:01:42.907415,2025-07-04 13:37:42.908393
Crypto is about to get even bigger thanks to millennials,FastCompany,2025-07-03 13:37:42.966820,2025-07-04 13:37:42.966935
Cathie Wood makes bold bet on hot tech asset nearing record highs,TheStreet,2025-07-04 13:29:19.979983,2025-07-04 14:29:19.980113
Nano Labs Buys $50M in BNB in $1B Plan to Hold Up to 10% of Supply,CoinDesk,2025-07-04 11:29:19.984686,2025-07-04 14:29:19.984792
"JD.com, Ant Group Push for Yuan-Based Stablecoins to Counter Dollar Rule: Reuters",CoinDesk,2025-07-04 11:29:19.985606,2025-07-04 14:29:19.985711
Bitcoin on the Brink of All-Time High as Macro Tailwinds Gather Strength,CoinDesk,2025-07-04 10:29:19.986550,2025-07-04 14:29:19.986654
Solana and Fireblocks Selected by Japan’s Minna Bank for Stablecoin Use Case Study,CoinDesk,2025-07-04 10:29:19.988422,2025-07-04 14:29:19.988528
Why Affirm Holdings (AFRM) is a Top Momentum Stock for the Long-Term,Zacks,2025-07-04 14:29:18.016996,2025-07-04 15:29:18.017158
Coinbase's Base Sees Over $4B in Outflows Through Cross-Chain Bridges; Ethereum Nets Inflows of $8.5B,CoinDesk,2025-07-04 12:29:18.021822,2025-07-04 15:29:18.021928
Bitcoin Long-Term Holders Signal Patience in Market,CoinDesk,2025-07-04 12:29:18.022753,2025-07-04 15:29:18.022858
"PEPE Slips 6% as Whales Load Up, Technicals Hint at Possible Bounce Amid Market Jitters",CoinDesk,2025-07-04 12:29:18.023715,2025-07-04 15:29:18.023821
Ondo Finance to Buy SEC-Regulated Broker Oasis Pro for U.S. Tokenized Stock Push,CoinDesk,2025-07-04 13:34:47.370908,2025-07-04 16:34:47.371019
"Russian State Giant Rostec Plans Ruble-Pegged Stablecoin, Payment Platform on Tron: TASS",CoinDesk,2025-07-04 12:34:47.373711,2025-07-04 16:34:47.373820
Could CME Group's FX Tape+ be the Key to a More Transparent FX Market?,Zacks,2025-07-04 16:26:55.252319,2025-07-04 17:26:55.253260
ATOM Tumbles 4% as Sellers Target Critical $4 Support Level,CoinDesk,2025-07-04 15:26:55.254196,2025-07-04 17:26:55.254344
Top analyst who correctly predicted market rally turns bullish on rising tech stock,TheStreet,2025-07-04 17:15:13.012848,2025-07-04 17:46:13.013970
Elon Musk’s poll on starting new party garners 64% votes,TheStreet,2025-07-04 17:11:13.015624,2025-07-04 17:46:13.015773
"After 14 years and 140,000x gains, fortune worth billions surfaces this Fourth of July",TheStreet,2025-07-04 16:46:13.016626,2025-07-04 17:46:13.016757
Cathie Wood bets big on Bitcoin 'threatening' new highs,TheStreet,2025-07-04 13:46:13.023142,2025-07-04 17:46:13.023245
Bank of Canada Identifies Technical Path for Retail CBDC in New Research Paper,CoinDesk,2025-07-04 16:37:41.980984,2025-07-04 18:37:41.981114
BONK Eyes Breakout as ETF Buzz and Burn Trigger Spark Fresh Rally,CoinDesk,2025-07-04 16:37:41.982832,2025-07-04 18:37:41.982939
Ondo Finance acquires Oasis Pro to fuel expansion into securities markets,TheStreet,2025-07-04 18:40:23.280476,2025-07-04 19:23:23.281440
Two investors  just moved $2B on America’s 249th birthday,TheStreet,2025-07-04 17:23:23.284328,2025-07-04 19:23:23.284442
"NEAR Protocol Plunges 5% as Resistance Holds, Bitwise ETP Launches",CoinDesk,2025-07-04 17:23:23.285297,2025-07-04 19:23:23.285408
Cathie Wood says Bitcoin is 'threatening' new highs,TheStreet,2025-07-04 13:23:23.293628,2025-07-04 19:23:23.293735
"Trump’s landmark bill clears House, but not all his billionaire allies are on board",TheStreet,2025-07-03 22:23:23.312102,2025-07-04 19:23:23.312222
Veteran fund manager delivers blunt verdict on public and private markets,TheStreet,2025-07-03 19:23:23.321127,2025-07-04 19:23:23.321243
Wall Street’s biggest firm now makes more money from 'money laundering' asset than S&P 500,TheStreet,2025-07-03 19:23:23.327297,2025-07-04 19:23:23.327399
"Circle, which rejected Ripple's acquisition offers, eyes banking license",TheStreet,2025-07-03 19:23:23.364316,2025-07-04 19:23:23.364419
"Trump’s wealth remains flat at $6.4 billion, but that's not all",TheStreet,2025-07-03 19:23:23.368738,2025-07-04 19:23:23.368841
Elon Musk is quietly stacking an uncommon asset,TheStreet,2025-07-04 22:27:52.444902,2025-07-04 22:47:52.445859
"Eight Bitcoin Wallets Move 80,000 BTC in Largest Ever ‘Satoshi Era’ Transfers",CoinDesk,2025-07-05 05:34:10.161871,2025-07-05 08:34:10.162851
These 3 Threats That Ethereum Faces From Solana Could Justify Selling It,Motley Fool,2025-07-05 09:00:33.714102,2025-07-05 09:27:33.715037
XRP Traders Eye $10 as Ripple’s U.S. Banking Bid Builds Market Optimism,CoinDesk,2025-07-05 06:27:33.715989,2025-07-05 09:27:33.716147
"Can a $10,000 Investment in Bitcoin Turn Into $100,000 by 2030?",Motley Fool,2025-07-05 10:00:25.542712,2025-07-05 10:30:25.543666
5 Best Crypto Investments Besides Bitcoin for the Rest of 2025,GOBankingRates,2025-07-05 11:14:55.656818,2025-07-05 11:42:55.657773
Sleeping beauty bitcoin wallets wake up after 14 years to the tune of $2 billion,MarketWatch,2025-07-04 13:34:11.948220,2025-07-05 13:34:11.948326
YBIT Is an Income Juggernaut,Motley Fool,2025-07-05 13:29:01.719015,2025-07-05 14:29:01.719969
$8B BTC Movements May Have Been Preceded by Covert Bitcoin Cash Test,CoinDesk,2025-07-05 14:33:03.077363,2025-07-05 16:33:03.078319
Nvidia-backed stock sends a quiet shockwave through the AI world,TheStreet,2025-07-05 16:47:04.577860,2025-07-05 17:26:04.578810
"1 Top Cryptocurrency to Buy Before It Soars 471%, According to Wall Street Analyst Geoff Kendrick",Motley Fool,2025-07-05 16:43:04.580123,2025-07-05 17:26:04.580249
Ex-ECB Official Urges Europe to Back Euro Stablecoins or Risk Losing Financial Power,CoinDesk,2025-07-05 15:26:04.581116,2025-07-05 17:26:04.581229
WIF Holds Key Support as Whales Accumulate Over 39M Tokens,CoinDesk,2025-07-05 15:35:29.297973,2025-07-05 18:35:29.298088
FLOKI Advances Blockchain Gaming Ambitions With Valhalla Mainnet Launch and Esports Partnership,CoinDesk,2025-07-05 16:43:08.329744,2025-07-05 19:43:08.329856
"Crypto, Cash, and Condos: Singapore Ends $2.2B Laundering Case With Fines",CoinDesk,2025-07-05 18:28:37.198734,2025-07-05 20:28:37.199707
Bitcoin Cash Rally Accelerates on Whale Activity and Bullish Technical Signals,CoinDesk,2025-07-05 17:28:37.200730,2025-07-05 20:28:37.200877
Ethereum Touted as ‘Foundational Layer for Global Finance’ by Firm With $500M ETH Bet,CoinDesk,2025-07-05 22:28:26.219719,2025-07-06 02:28:26.220671
SoFi Stock Has Big News. Is Now the Time to Buy?,Motley Fool,2025-07-06 08:45:31.109311,2025-07-06 09:27:31.110266
Elon Musk’s poll on new America Party garners 65% votes,TheStreet,2025-07-05 10:31:04.032501,2025-07-06 10:31:04.032608
Trader just moved $8B on America’s 249th birthday,TheStreet,2025-07-05 10:31:04.033395,2025-07-06 10:31:04.033499
"Got $1,000? 2 Cryptocurrencies to Buy and Hold for Decades",Motley Fool,2025-07-06 12:17:19.892563,2025-07-06 12:53:19.893525
4 Cryptocurrencies That Could Be the Next Bitcoin,GOBankingRates,2025-07-06 12:04:19.894833,2025-07-06 12:53:19.894962
What to Expect From Bitcoin and Crypto Markets in the 2nd Half of 2025,Investopedia,2025-07-06 12:00:19.896127,2025-07-06 12:53:19.896242
'Some complacency has crept in': How FOMO and speculative bets are driving the 2025 market rally,Yahoo Finance,2025-07-06 13:30:25.504257,2025-07-06 13:34:25.505216
J.P. Morgan: 3 Reasons the US Dollar Is Losing Value — and Why It Might Be Good for Your Wallet,GOBankingRates,2025-07-06 15:02:28.318004,2025-07-06 15:27:28.318984
Robert Kiyosaki: This Is ‘the Easiest Money Ever’,GOBankingRates,2025-07-06 16:02:28.444990,2025-07-06 16:33:28.446015
Bitcoin's 'Mempool' Nearly Empty as Prices Trade Near Lifetime Highs,CoinDesk,2025-07-06 14:33:28.448169,2025-07-06 16:33:28.448290
Chart of the Week: Wall Street Has Claimed Bitcoin—Now What?,CoinDesk,2025-07-06 13:33:28.450075,2025-07-06 16:33:28.450207
"Bitcoin, Dogecoin, XRP Rise as Bessent Hints at Trade Deals Before Liberation Day Tariff Deadline",CoinDesk,2025-07-06 16:22:27.186274,2025-07-06 19:22:27.187216
Elon Musk's 'America Party' reportedly registers with Election Commission,TheStreet,2025-07-06 19:49:51.172550,2025-07-06 20:29:51.173622
TON Surges on UAE Golden Visa News; Crypto Community Reacts With Excitement and Doubt,CoinDesk,2025-07-06 17:29:51.174760,2025-07-06 20:29:51.174908
"Asia Morning Briefing: Michael Saylor's BTC Buys Aren't Making Up For Slowing Spot Demand, Say Analysts",CoinDesk,2025-07-07 01:43:22.863018,2025-07-07 04:43:22.863960
Elon Musk Says America Party Will Embrace BTC as 'Fiat Is Hopeless',CoinDesk,2025-07-07 02:50:56.753121,2025-07-07 05:50:56.754069
"'America Party' to embrace Bitcoin, Elon Musk says fiat is hopeless",TheStreet,2025-07-07 07:12:20.915575,2025-07-07 07:30:20.916550
Elon Musk refutes claims of 'America Party' registering with Election Commission,TheStreet,2025-07-06 20:30:20.919547,2025-07-07 07:30:20.919659
Which Cryptocurrency Is More Likely to Be a Millionaire Maker? Dogecoin vs. XRP,Motley Fool,2025-07-07 08:43:39.193506,2025-07-07 09:33:39.194460
"Hyperliquid Trader Qwatio Loses $3.7M This Week on Extreme Bitcoin, Ether Shorts",CoinDesk,2025-07-07 06:33:39.196341,2025-07-07 09:33:39.196474
"Metaplanet Picks Up Additional 2,205 BTC, Holdings Now Cross 15,555 Bitcoin",CoinDesk,2025-07-07 06:33:39.197279,2025-07-07 09:33:39.197407
XRP Breaks Above $2.28 as Ripple’s Bank Charter Bid Ignites Bullish Surge,CoinDesk,2025-07-07 06:33:39.198203,2025-07-07 09:33:39.198312
Dogecoin Sees Heavy Buying From Whales as Elon Musk Supports BTC in New Party Rollout,CoinDesk,2025-07-07 06:33:39.199124,2025-07-07 09:33:39.199231
"Could a $10,000 Investment in Cardano Turn Into $1 Million by 2035?",Motley Fool,2025-07-07 09:34:23.859658,2025-07-07 10:34:23.860644
Could This Be the Best Reason to Buy Tesla Stock Hand Over Fist? (Hint: It's Not Robotaxis.),Motley Fool,2025-07-07 09:34:23.861622,2025-07-07 10:34:23.861752
3 Situations Where You Need to Ignore the 4% Rule,Motley Fool,2025-07-07 10:18:36.916758,2025-07-07 10:52:36.917713
Analysis-US SEC's guidance is first step toward rules governing crypto ETFs,Reuters,2025-07-07 11:08:02.782864,2025-07-07 11:25:02.783826
Should You Buy XRP While It's Under $4?,Motley Fool,2025-07-07 10:35:02.785206,2025-07-07 11:25:02.785338
The Blockchain Group Bolsters Bitcoin Reserves With $12.5M BTC Acquisition,CoinDesk,2025-07-07 08:25:02.789976,2025-07-07 11:25:02.790082
CoreWeave to buy crypto miner Core Scientific in $9 billion deal,Reuters,2025-07-07 12:34:38.628256,2025-07-07 12:58:38.629210
Is JPMorgan Diversified Return Emerging Markets Equity ETF (JPEM) a Strong ETF Right Now?,Zacks,2025-07-07 10:58:38.632105,2025-07-07 12:58:38.632214
"Asia Morning Briefing: Michael Saylor's BTC Buys Aren't Making Up for Slowing Spot Demand, Say Analysts",CoinDesk,2025-07-07 01:58:38.643293,2025-07-07 12:58:38.643418
Elon Musk refutes claims of 'America Party' registering with FEC,TheStreet,2025-07-06 19:58:38.644227,2025-07-07 12:58:38.644330
"Best money market account rates today, July 6, 2025 (best account provides 4.41% APY)",Yahoo Personal Finance,2025-07-06 12:58:38.654518,2025-07-07 12:58:38.654622
"Best money market account rates today, July 5, 2025 (best account provides 4.41% APY)",Yahoo Personal Finance,2025-07-05 12:58:38.666106,2025-07-07 12:58:38.666210
Nvidia-backed CoreWeave to buy crypto miner Core Scientific in $9 billion deal,Reuters,2025-07-07 12:40:52.317578,2025-07-07 13:40:52.318612
Crypto Exchange Mercado Bitcoin to Tokenize $200M in Real-World Assets on XRP Ledger,CoinDesk,2025-07-07 10:40:52.323391,2025-07-07 13:40:52.323515
Bitcoin Whales Scoop Up BTC as Price Nears Record High in Sign of Growth Expectations,CoinDesk,2025-07-07 10:40:52.324333,2025-07-07 13:40:52.324438
AllUnity obtains EMI licence from BaFin for Euro stablecoin,Electronic Payments,2025-07-07 13:31:27.437972,2025-07-07 14:31:27.438930
CoreWeave to buy Core Scientific in $9 billion deal to meet AI power needs,Reuters,2025-07-07 13:31:27.439895,2025-07-07 14:31:27.440017
The fireworks between D.C. and Silicon Valley are just starting,Fortune,2025-07-07 12:31:27.440877,2025-07-07 14:31:27.440989
"5 Best First Steps for New Investors, According to Self-Taught Pros",GOBankingRates,2025-07-07 14:23:13.793898,2025-07-07 14:50:13.794927
Strategy Posts $14 Billion Unrealized Gain in Second Quarter,Bloomberg,2025-07-07 13:50:13.795862,2025-07-07 14:50:13.795990
Can I use my credit card to pay someone else's credit card bill?,Yahoo Personal Finance,2025-07-07 20:22:00.619647,2025-07-07 20:32:00.620609
The TON golden visa offer was never about residency. It was about crypto's identity crisis,TheStreet,2025-07-08 01:33:22.349956,2025-07-08 10:33:22.350932
Over 75% of traders expect Q2 GDP growth to exceed 2%,TheStreet,2025-07-07 23:33:22.351987,2025-07-08 10:33:22.352117
Real Estate Firm Murano to Build Bitcoin Treasury With $500M Equity Deal,CoinDesk,2025-07-07 21:33:22.353080,2025-07-08 10:33:22.353191
"Top Stock Picks for Week of July 7, 2025",Zacks,2025-07-07 20:33:22.355035,2025-07-08 10:33:22.355142
Rare Silver Dollars Could Make You Rich — These 8 Are Worth Millions,GOBankingRates,2025-07-07 20:33:22.355969,2025-07-08 10:33:22.356075
Controversial BCG plan tokenizes Gaza real estate for postwar investors,TheStreet,2025-07-07 19:33:22.356901,2025-07-08 10:33:22.357005
"Bitcoin Miner CleanSpark Produced 685 BTC in June, Hit 16.15 J/TH in Efficiency",CoinDesk,2025-07-07 18:33:22.357831,2025-07-08 10:33:22.357940
"Bitcoin Slips Below $108K, Erases Weekend Gains as Trump Ramps Up Tariffs",CoinDesk,2025-07-07 18:33:22.358771,2025-07-08 10:33:22.358875
"Without Operational Alpha, Bitcoin Treasury Company Premiums Will Collapse",CoinDesk,2025-07-07 17:33:22.359697,2025-07-08 10:33:22.359800
ICP Rebounds From Intraday Lows as Support at $4.80 Holds Firm,CoinDesk,2025-07-07 17:33:22.360608,2025-07-08 10:33:22.360714
"The stock of a small crypto miner soared 3,000% in a week on a plan to amass a trove of ethereum",Business Insider,2025-07-07 16:33:22.361508,2025-07-08 10:33:22.361630
"Threads is nearing X’s daily app users, new data shows",TechCrunch,2025-07-07 16:33:22.362427,2025-07-08 10:33:22.362530
"Threshold's Bitcoin Backed tBTC Debuts on Sui, Unlocking $500M in Liquidity",CoinDesk,2025-07-07 15:33:22.363350,2025-07-08 10:33:22.363453
"Strategy Books $14B Q2 Bitcoin Profit, Sets $4.2B STRD Preferred ATM Offering",CoinDesk,2025-07-07 13:33:22.365163,2025-07-08 10:33:22.365263
Robinhood CEO confirms regulatory talks over tokenized equities,Investing.com,2025-07-08 10:44:32.324377,2025-07-08 10:51:32.325322
BlackRock iShares Bitcoin ETF Surges Past 700K BTC in Record-Breaking Run,CoinDesk,2025-07-08 08:51:32.326279,2025-07-08 10:51:32.326403
Australian Crypto Asset Manager DigitalX Secures Over $13M to Expand Bitcoin Holdings,CoinDesk,2025-07-08 08:51:32.327332,2025-07-08 10:51:32.327463
XRP Futures Open Interest Zooms to 5-Month High as Traders Seek Bullish Bets,CoinDesk,2025-07-08 07:51:32.328320,2025-07-08 10:51:32.328429
"Bonk.fun Grabs 55% of Solana Token Issuance Share, Pushes BONK Demand",CoinDesk,2025-07-08 07:51:32.329256,2025-07-08 10:51:32.329363
ShopBack gains payment institution licence  in Singapore,Electronic Payments,2025-07-08 10:49:35.411211,2025-07-08 11:25:35.412173
Is Dogecoin a Buy Right Now for Just $0.17? Here Is What History Suggests.,Motley Fool,2025-07-08 10:45:35.413497,2025-07-08 11:25:35.413630
Howden partners Lawrence Stephens for crypto theft solution,Life Insurance International,2025-07-08 10:34:35.416042,2025-07-08 11:25:35.416154
THE MINING POD: How CoreWeave's Neocloud Business Model Works,CoinDesk,2025-07-08 10:25:35.417009,2025-07-08 11:25:35.417119
How Much Bitcoin Should Be in Your Portfolio?,Motley Fool,2025-07-08 11:15:48.786693,2025-07-08 11:44:48.787647
"ReserveOne, backed by crypto heavyweights, set to raise over $1 billion in Nasdaq listing",Reuters,2025-07-08 12:54:35.755861,2025-07-08 12:58:35.756832
Trump Media seeks SEC approval for blue-chip crypto ETF,Reuters,2025-07-08 12:45:35.758099,2025-07-08 12:58:35.758225
"This Formerly High-Flying Cryptocurrency Has the Potential to Become the New Bitcoin, According to Tom Lee of Fundstrat",Motley Fool,2025-07-08 11:58:35.759090,2025-07-08 12:58:35.759201
Metaplanet Wants to Use Bitcoin Holdings for Acquisitions: FT,CoinDesk,2025-07-08 10:58:35.764655,2025-07-08 12:58:35.764759
Is Nuveen ESG Small-Cap ETF (NUSC) a Strong ETF Right Now?,Zacks,2025-07-08 10:58:35.765548,2025-07-08 12:58:35.765670
Firms from Uber to Amazon are diving into stablecoins. Here’s what they hope to gain,Fortune,2025-07-08 10:58:35.766456,2025-07-08 12:58:35.766573
1 Stock Under $50 to Target This Week and 2 to Avoid,StockStory,2025-07-08 04:58:35.771873,2025-07-08 12:58:35.771976
New controversial plan wants to tokenize Gaza real estate for investors,TheStreet,2025-07-07 19:58:35.778314,2025-07-08 12:58:35.778415
Elon Musk calls fiat ‘hopeless’ but Tesla’s balance sheet tells a different story,TheStreet,2025-07-07 16:58:35.782904,2025-07-08 12:58:35.783006
"The Best Way To Invest $10K Today, According to Steve Chen",GOBankingRates,2025-07-08 13:02:58.459956,2025-07-08 13:43:58.461008
"GameSquare Unveils $100M Ethereum Strategy, Raises $8M in Public Offering",Exec Edge,2025-07-08 12:57:58.462561,2025-07-08 13:43:58.462720
Grant Cardone’s Recent Move Could Mean Good News for Bitcoin: Is It Time To Invest?,GOBankingRates,2025-07-08 14:13:56.423458,2025-07-08 14:30:56.424425
Trump Media Furthers Push Into Crypto With Third ETF Filing,Bloomberg,2025-07-08 13:50:15.665647,2025-07-08 14:50:15.665784
Tether Invests in Blockchain Forensics Firm  Crystal Intelligence to Fight Crypto Crime,CoinDesk,2025-07-08 12:50:15.669511,2025-07-08 14:50:15.669640
BONK Reclaims Momentum with 11% Rally as Community and Volume Fuel Breakout,CoinDesk,2025-07-08 12:50:15.670460,2025-07-08 14:50:15.670582
Nvidia-backed stock sinks on unexpected deal,TheStreet,2025-07-07 22:50:15.687203,2025-07-08 14:50:15.687305
"Russian firms use netting, gold and crypto in transborder payments, watchdog chief tells Putin",Reuters,2025-07-08 15:23:07.706553,2025-07-08 15:31:07.707532
"Robinhood’s Tenev confirms EU probe, reaffirms stock tokens on Bloomberg TV",Investing.com,2025-07-08 15:15:07.708952,2025-07-08 15:31:07.709084
"Fair Isaac stock falls after Fannie, Freddie allow VantageScore use",Investing.com,2025-07-08 15:06:07.710247,2025-07-08 15:31:07.710363
Soluna Holdings Stock Rises on Data Center Expansion With 'Top-Tier Bitcoin Miner',Investopedia,2025-07-08 14:32:07.711480,2025-07-08 15:31:07.711608
BNB Holds Steady as Traders Watch U.S. Tariff Moves,CoinDesk,2025-07-08 12:31:07.716204,2025-07-08 15:31:07.716310
Trump Media files for 'Crypto Blue Chip ETF' with SEC,Associated Press Finance,2025-07-08 16:20:16.966487,2025-07-08 16:37:16.967439
Deutsche Bank Revamps German Wealth Management Unit to Boost Growth,Zacks,2025-07-08 15:37:16.971736,2025-07-08 16:37:16.971853
"Mastodon’s latest update readies the app for Quote Posts, revamps design",TechCrunch,2025-07-08 15:37:16.973657,2025-07-08 16:37:16.973767
Robinhood Tokenized Stocks Face Scrutiny From Lithuania Central Bank,Zacks,2025-07-08 15:37:16.974595,2025-07-08 16:37:16.974702
Crypto Treasury Firm ReserveOne Going Public in $1B SPAC Deal,CoinDesk,2025-07-08 13:37:16.977416,2025-07-08 16:37:16.977521
BONK Surges Past TRUMP to Become 4th Largest Memecoin by Market Cap,CoinDesk,2025-07-08 16:44:57.537125,2025-07-08 17:28:57.538090
Robinhood has rolled out 'tokenized' stocks and ETFs. Here's what to know about the crypto-like assets.,Business Insider,2025-07-08 16:28:57.540025,2025-07-08 17:28:57.540140
Trump's company files with SEC to launch shocking new 'blue chip' ETF,TheStreet,2025-07-08 16:28:57.540974,2025-07-08 17:28:57.541085
"Exclusive: Aave founder sees U.S. push to lead in crypto, DeFi policy",TheStreet,2025-07-08 16:28:57.541920,2025-07-08 17:28:57.542029
OpenSea Acquires Rally as It Continues to Pivot to Token Trading,CoinDesk,2025-07-08 15:28:57.546590,2025-07-08 17:28:57.546694
ATOM Demonstrates Market Resilience as Crypto Market Heats up,CoinDesk,2025-07-08 15:28:57.547518,2025-07-08 17:28:57.547640
Jack Mallers: How We Started Our Bitcoin Treasury Company,CoinDesk,2025-07-08 15:28:57.551268,2025-07-08 17:28:57.551373
SharpLink Gaming Jumps 26% as Ether Treasury Tops 200K ETH,CoinDesk,2025-07-08 15:28:57.552208,2025-07-08 17:28:57.552313
Trump-Linked Truth Social Plans Crypto ETF as Digital Asset Franchise Expands,CoinDesk,2025-07-08 14:28:57.553139,2025-07-08 17:28:57.553243
Bit Digital Scraps Bitcoin Treasury Strategy for Ethereum,TheStreet,2025-07-08 17:30:13.815734,2025-07-08 17:48:13.816680
ReserveOne will List on Nasdaq via SPAC,Bloomberg,2025-07-08 16:55:13.817842,2025-07-08 17:48:13.817968
"Justin Bechler gives harsh response to Trump on Epstein files, and ‘strategic reserve’",TheStreet,2025-07-08 16:55:13.819078,2025-07-08 17:48:13.819195
"OneText raises $4.5M from Y Combinator, Khosla to reinvent shopping by text",TechCrunch,2025-07-08 17:40:26.497623,2025-07-08 18:40:26.497767
Will COIN's Transaction Expense Efficiency Drive Sustainable Growth?,Zacks,2025-07-08 16:40:26.501596,2025-07-08 18:40:26.501710
BTC-Only VC Ego Death Capital Closes $100M Fund for Projects Building on Bitcoin,CoinDesk,2025-07-08 16:40:26.502552,2025-07-08 18:40:26.502663
"Solana News: Jupiter, Bonk and Pump.Fun Duke It Out in Launchpad Trenches",CoinMarketCap,2025-07-08 18:29:09.130661,2025-07-08 19:24:09.131637
"Anchorage CEO Discusses Solana ETF, Circle, Stablecoins",Bloomberg,2025-07-08 18:24:09.132602,2025-07-08 19:24:09.132729
Bit Digital CEO Shifts Entire Crypto Treasury to Ether,Bloomberg,2025-07-08 18:24:09.133596,2025-07-08 19:24:09.133711
Bitcoin mining company HIVE Digital records 18% jump in monthly output,TheStreet,2025-07-08 19:31:43.496276,2025-07-08 20:31:43.497242
Wall Street analyst hints the GENIUS act could indeed be genius,TheStreet,2025-07-08 19:31:43.498155,2025-07-08 20:31:43.498277
"FLOKI Explodes 12% on Massive Volume, Potentially Signalling Bullish Momentum",CoinDesk,2025-07-08 18:31:43.501978,2025-07-08 20:31:43.502084
Wall Street analyst hints the GENIUS Act could indeed be genius,TheStreet,2025-07-08 19:27:45.372909,2025-07-08 21:27:45.373044
Chipmaker Sequans Raises $384M to Buy Bitcoin. Its Stock Is Flying.,Investopedia,2025-07-08 15:27:45.394396,2025-07-08 21:27:45.394503
Analysts sounds alarm on Circle stock as supply stalls,TheStreet,2025-07-08 21:44:18.010795,2025-07-08 22:30:18.011751
Ether Treasury Firm BTCS Surges 100% on $100M ETH Buying Plan,CoinDesk,2025-07-08 19:30:18.012706,2025-07-08 22:30:18.012829
Hedera’s HBAR Rises After Inclusion in Grayscale Fund,CoinDesk,2025-07-08 19:30:18.015617,2025-07-08 22:30:18.015722
"Risk, Reward, and Resilience: Building Insurance Primitives in DeFi",CoinDesk,2025-07-08 19:30:18.016570,2025-07-08 22:30:18.016676
Peter Schiff teases tokenized gold offering,TheStreet,2025-07-08 22:27:44.276175,2025-07-08 23:27:44.277117
"Trump Media Plans To Launch ‘Crypto Blue Chip ETF’ Holding Bitcoin, Ether, Solana and More",Investopedia,2025-07-08 22:27:44.278031,2025-07-08 23:27:44.278155
Chip company’s stock jumps 43% after aggressive new strategy,TheStreet,2025-07-08 22:27:44.278996,2025-07-08 23:27:44.279107
"AAVE Surges to 3-Week High, Dominating Soaring $56B DeFi Lending Market",CoinDesk,2025-07-08 21:27:44.280911,2025-07-08 23:27:44.281021
Prediction: Bitcoin Will Become a Reserve Currency,Motley Fool,2025-07-09 01:21:13.025971,2025-07-09 02:21:13.026984
Exclusive: Billionaire Tim Draper has a blunt response to Elon Musk’s new political party,TheStreet,2025-07-08 23:21:13.027929,2025-07-09 02:21:13.028085
SoFi Offers Exposure to OpenAI and SpaceX Through New Private-Market Funds,Investopedia,2025-07-08 23:21:13.028917,2025-07-09 02:21:13.029054
Seeking Crypto Exposure? 2 Stocks Worth a Look,Zacks,2025-07-09 00:42:18.099500,2025-07-09 03:42:18.099623
Asia Morning Briefing: Bitcoin Stalls Near $109K as Market Waits for a Catalyst,CoinDesk,2025-07-09 01:43:22.929548,2025-07-09 04:43:22.930661
"Bitcoin, Ether, Solana, XRP ETFs See Record AUM as Traders Warn of ‘Summer Lull’",CoinDesk,2025-07-09 04:43:22.362383,2025-07-09 06:43:22.363356
"XRP Clears $2.28 on Breakout Volume, Eyes $2.30 on Ripple's Banking Charter Push",CoinDesk,2025-07-09 04:46:50.397123,2025-07-09 07:46:50.398085
Memecoin PNUT Rips on Elon Musk’s Epstein Cue,CoinDesk,2025-07-09 06:38:09.084902,2025-07-09 08:38:09.085962
"Key Market Dynamic Keeps Bitcoin, XRP Anchored to $110K and $2.3 as Ether Looks Prone to Volatility",CoinDesk,2025-07-09 06:38:09.087009,2025-07-09 08:38:09.087141
Robinhood Says OpenAI Stock Tokens Backed by Special Purpose Vehicle,CoinDesk,2025-07-09 05:38:09.088014,2025-07-09 08:38:09.088130
REUTERS NEXT-Ant International 'seriously considering' stablecoin license applications,Reuters,2025-07-09 09:06:38.588433,2025-07-09 09:33:38.589394
3 Reasons to Buy Bitcoin Before 2028,Motley Fool,2025-07-09 08:41:38.590710,2025-07-09 09:33:38.590840
5 Must-Read Analyst Questions From Remitly’s Q1 Earnings Call,StockStory,2025-07-09 05:33:38.594566,2025-07-09 09:33:38.594701
Crypto Traders Mint Millions From Grok Glitching on 'MechaHitler',CoinDesk,2025-07-09 06:50:32.923542,2025-07-09 09:50:32.923654
FV Bank unveils virtual accounts for payment automation,Private Banker International,2025-07-09 10:10:11.297499,2025-07-09 10:34:11.298450
"Analysis-Nine months in, Starbucks CEO faces tall order in turnaround",Reuters,2025-07-09 10:05:11.299808,2025-07-09 10:34:11.299932
XRP vs. Bitcoin: Which Is the Better Buy Right Now?,Motley Fool,2025-07-09 10:27:23.796351,2025-07-09 10:52:23.797359
Are You One of the 84% Who've Made Crypto Decisions Due to FOMO? Go Beyond the Fear of Missing Out and Build a Balanced Portfolio With These Tips.,Motley Fool,2025-07-09 10:30:22.072759,2025-07-09 11:26:22.073711
5 Reasons to Buy Ethereum Before 2030,Motley Fool,2025-07-09 11:05:26.070175,2025-07-09 11:45:26.071145
Is First Trust Consumer Staples AlphaDEX ETF (FXG) a Strong ETF Right Now?,Zacks,2025-07-09 10:45:26.074063,2025-07-09 11:45:26.074176
Is First Trust Large Cap Value AlphaDEX ETF (FTA) a Strong ETF Right Now?,Zacks,2025-07-09 10:45:26.074990,2025-07-09 11:45:26.075125
Anthony Pompliano’s ProCap Appears Better Than Peers Based on the BTC HODLer's Own Data,CoinDesk,2025-07-09 09:45:26.077775,2025-07-09 11:45:26.077881
Bitcoin Treasury Firms Expand War Chests as Global Adoption Rises,CoinDesk,2025-07-09 08:45:26.080528,2025-07-09 11:45:26.080632
"Focus on Market Cap, Trading Volume Rather Than Engagement for a Successful Token Launch, Research Shows",CoinDesk,2025-07-09 08:45:26.081442,2025-07-09 11:45:26.081547
"BlackRock’s IBIT Bitcoin Holdings Soar to 700K, Analyst Says",etf.com,2025-07-09 12:00:42.946913,2025-07-09 12:58:42.947886
Crypto Trading Firm Galaxy Expands Institutional Staking With Fireblocks,CoinDesk,2025-07-09 10:58:42.955382,2025-07-09 12:58:42.955488
Worldpay expands embedded payment solutions to Canada and UK,Electronic Payments,2025-07-09 12:41:32.134811,2025-07-09 13:41:32.135762
3 Crypto-Focused Stocks to Buy as Bitcoin Heads Toward New High,Zacks,2025-07-09 12:41:32.136771,2025-07-09 13:41:32.136916
Ripple Taps BNY to Custody Stablecoin Reserves as RLUSD Surpasses $500M,CoinDesk,2025-07-09 11:41:32.139678,2025-07-09 13:41:32.139785
Exclusive: Billionaire Tim Draper backs Elon Musk’s new 'America Party',TheStreet,2025-07-08 23:41:32.161040,2025-07-09 13:41:32.161145
BITCOIN SEASON 2: Why tokens don't work (except for Bitcoin),CoinDesk,2025-07-09 12:31:49.243096,2025-07-09 14:31:49.243229
"Japan's SBI to Let Users Swap Credit Card Points for Bitcoin, Ether, and XRP",CoinDesk,2025-07-09 12:31:49.245092,2025-07-09 14:31:49.245204
U.S. House Ditching Its Stablecoin Bill to Back Trump's Choice From Senate,CoinDesk,2025-07-09 12:31:49.246034,2025-07-09 14:31:49.246142
Shiba Inu's Futures Open Interest Tops 7M SHIB as Price Recovery Meets Whale Selling,CoinDesk,2025-07-09 11:31:49.247907,2025-07-09 14:31:49.248023
"'This Isn’t Decentralized,' Says Polymarket Power User as Zelenskyy's Suit Controversy Unfolds",CoinDesk,2025-07-09 11:31:49.248863,2025-07-09 14:31:49.248969
Nvidia clinches historic $4 trillion market value on AI dominance,Reuters,2025-07-09 13:50:38.003339,2025-07-09 14:50:38.004341
Nvidia: How the chipmaker evolved from a gaming startup to an AI giant,Yahoo Finance,2025-07-09 14:59:36.225297,2025-07-09 15:31:36.226253
America's oldest bank will now custody Ripple's stablecoin,TheStreet,2025-07-09 14:58:36.227481,2025-07-09 15:31:36.227607
Emirates to Accept Crypto Payments,CoinDesk,2025-07-09 14:55:36.228729,2025-07-09 15:31:36.228844
Nvidia becomes first company to reach $4 trillion market cap amid AI boom,Investing.com,2025-07-09 14:31:36.229694,2025-07-09 15:31:36.229805
Crypto Exchange Bullish Teams Up With Solana for Institutional Stablecoin Push,CoinDesk,2025-07-09 13:31:36.231569,2025-07-09 15:31:36.231677
"BONK Slides 6% as Sellers Dominate, Despite Growth of Bonk.fun",CoinDesk,2025-07-09 13:31:36.232505,2025-07-09 15:31:36.232610
Kraken and Backed Expand Tokenized Stocks to BNB Chain as RWA Momentum Accelerates,CoinDesk,2025-07-09 13:31:36.233433,2025-07-09 15:31:36.233548
"Jefferies maintains Buy on Alibaba shares, cites strong AI-driven cloud growth",Investing.com,2025-07-09 15:40:07.900702,2025-07-09 15:49:07.901663
Trump Family Crypto Venture Preps Vote With Billions at Stake,Bloomberg,2025-07-09 15:20:07.903111,2025-07-09 15:49:07.903240
Patterns Break as Both Short and Long Term Holder Cohorts Accumulate Bitcoin,CoinDesk,2025-07-09 13:49:07.909525,2025-07-09 15:49:07.909629
One early winner of the stablecoin craze is Alexander Hamilton's 241-year-old bank,Yahoo Finance,2025-07-09 16:17:47.376360,2025-07-09 16:36:47.377379
Trump Media wants to launch a crypto ETF backed by bitcoin and other top tokens,Business Insider,2025-07-09 15:36:47.380742,2025-07-09 16:36:47.380852
What is Crypto? Cryptocurrency explained,TheStreet,2025-07-09 16:32:03.030565,2025-07-09 17:30:03.031565
Will Emirates Accept Crypto Payments?,CoinDesk,2025-07-09 15:30:03.038563,2025-07-09 17:30:03.038671
MSTR Expands Bitcoin Focus: Can STRD Offering Deliver Results?,Zacks,2025-07-09 15:30:03.039478,2025-07-09 17:30:03.039586
"PEPE Rises 3% as Whale Holdings Climb, Crypto Market Shakes Off Tariff Jitters",CoinDesk,2025-07-09 14:30:03.041297,2025-07-09 17:30:03.041401
CoinDesk 20 Performance Update: Stellar (XLM) Jumps 10.3% as All Assets Trade Higher,CoinDesk,2025-07-09 13:30:03.043108,2025-07-09 17:30:03.043210
ICP Approaches $5 as Breakout Volume and DeFi BTC Flows Signal Strength,CoinDesk,2025-07-09 15:48:09.561451,2025-07-09 17:48:09.561558
"Decentralized Exchange GMX Exploited for $42M, Offers Hacker 10% White Hat Bounty",CoinDesk,2025-07-09 15:48:09.563302,2025-07-09 17:48:09.563411
Pump.fun to Launch PUMP Token via ICO on July 12,CoinDesk,2025-07-09 14:48:09.565155,2025-07-09 17:48:09.565285
Another exchange hacked for $40M,TheStreet,2025-07-09 17:40:55.116109,2025-07-09 18:40:55.117068
BNB Climbs as Faster Blocks and Tokenized Stocks Spark Investor Interest,CoinDesk,2025-07-09 16:40:55.119047,2025-07-09 18:40:55.119158
Crypto Industry Pitches Market Structure Ideas to U.S. Senators in Hearing,CoinDesk,2025-07-09 16:40:55.119980,2025-07-09 18:40:55.120088
NEAR Surges 5% Despite Volatile Trading as Grayscale Adds Token,CoinDesk,2025-07-09 16:40:55.121852,2025-07-09 18:40:55.121961
Is There a Future for DAOs?,CoinDesk,2025-07-09 16:40:55.122775,2025-07-09 18:40:55.122882
CoreWeave’s $9 billion acquisition of Core Scientific gives an AI roadmap for struggling Bitcoin miners,Fortune,2025-07-09 16:40:55.123695,2025-07-09 18:40:55.123804
ATOM Shows Resilient Recovery Despite Volatile Trading Session,CoinDesk,2025-07-09 16:40:55.124590,2025-07-09 18:40:55.124712
Dubai's Emirates Airline Explores Cryptocurrency Payments With Crypto.com Partnership,CoinDesk,2025-07-09 16:40:55.125495,2025-07-09 18:40:55.125599
Stellar Surges 14% Before Sharp Reversal as Network Upgrade Fuels Volatility,CoinDesk,2025-07-09 15:40:55.126398,2025-07-09 18:40:55.126500
The Big Bet on Crypto’s AI Infrastructure,CoinDesk,2025-07-09 15:40:55.128224,2025-07-09 18:40:55.128327
The Evolution of Crypto Trading: From Wild West to Regulated Innovation,CoinDesk,2025-07-09 15:40:55.129135,2025-07-09 18:40:55.129239
BNY to custody Ripple USD,Banking Dive,2025-07-09 12:40:55.146333,2025-07-09 18:40:55.146436
BTCS Inc. (BTCS) Stock Jumps 111.1%: Will It Continue to Soar?,Zacks,2025-07-09 18:24:32.287437,2025-07-09 19:24:32.288393
Jack Dorsey says his ‘secure’ new Bitchat app has not been tested for security,TechCrunch,2025-07-09 18:43:46.200932,2025-07-09 19:43:46.201893
"Filecoin Rises 4%, Heavy Volume Suggests Institutional Investors Buying",CoinDesk,2025-07-09 17:43:46.204743,2025-07-09 19:43:46.204850
Cronos Jumps 18% After Trump Media ETF Proposal Lists Token Among Holdings,CoinDesk,2025-07-09 16:43:46.205743,2025-07-09 19:43:46.205855
SEC's 'crypto mom' says tokenized securities are still securities,Reuters,2025-07-09 20:12:51.923416,2025-07-09 20:31:51.924368
How the Mobile Crypto Project Helium Onboarded AT&T,TheStreet,2025-07-09 20:03:51.925640,2025-07-09 20:31:51.925764
"Bitcoin hits record high just shy of $112,000",Reuters,2025-07-09 20:45:28.360218,2025-07-09 20:48:28.361176
Greece Makes First Crypto Seizure Tied to North Korea's $1.5B Bybit Hack,CoinDesk,2025-07-09 18:48:28.365728,2025-07-09 20:48:28.365839
Solana  ETFs See $78M Inflows as Interest in Altcoin Investment Products Grows,CoinDesk,2025-07-09 18:48:28.366662,2025-07-09 20:48:28.366770
Monad Acquires Portal Labs to Expand Stablecoin Payments on High-Speed Blockchain,CoinDesk,2025-07-09 18:48:28.367581,2025-07-09 20:48:28.367685
Bitcoin Cash Holds Above $500 After Volume-Driven Morning Rally,CoinDesk,2025-07-09 18:48:28.368492,2025-07-09 20:48:28.368596
Circle Has USDC Revenue Sharing Deal With Second-Largest Crypto Exchange ByBit: Sources,CoinDesk,2025-07-09 17:48:28.371214,2025-07-09 20:48:28.371318
"Steve Davis left DOGE in May, but officials say he’s still running the show",TechCrunch,2025-07-09 20:28:29.905264,2025-07-09 21:27:29.905388
"Bitcoin Price Hits New All-Time High as Coinbase, Strategy Shares Rise",Investopedia,2025-07-09 21:57:24.111185,2025-07-09 22:30:24.112160
US 'way behind' on crypto regulation: Dragonfly partner,Bloomberg,2025-07-09 21:44:24.113454,2025-07-09 22:30:24.113582
Hot tech stock nears all-time high after fresh controversy,TheStreet,2025-07-09 21:42:24.114697,2025-07-09 22:30:24.114810
Wall Street analyst points one major asset  missing from most portfolios,TheStreet,2025-07-09 21:30:24.115670,2025-07-09 22:30:24.115780
"Bitcoin soars to all-time peak just shy of $112,000",Reuters,2025-07-09 21:30:24.116599,2025-07-09 22:30:24.116706
Cathie Wood's ARK: Bitcoin's Bullish Momentum Slows as Long-Term Holder Stacks Hit Record,CoinDesk,2025-07-09 19:30:24.120345,2025-07-09 22:30:24.120467
"FLOKI Lists on Webull Pay, Unlocking Access to 24M Users Amid Volatile Trading",CoinDesk,2025-07-09 18:30:24.122183,2025-07-09 22:30:24.122285
CoreWeave’s $9 billion acquisition of Core Scientific provides an AI road map for struggling Bitcoin miners,Fortune,2025-07-09 16:30:24.137009,2025-07-09 22:30:24.137113
"Bitcoin Tops $111K, on Brink of Breaking Record High; Ether's 6% Jump Leads Major Cryptos",CoinDesk,2025-07-09 20:48:09.667272,2025-07-09 22:48:09.667379
Senators Seek ‘Light Touch’ for Crypto Market as Democrats Balk,Bloomberg,2025-07-09 22:35:56.951720,2025-07-09 23:27:56.952684
New House bill could let Tesla and Meta skip SEC rules,TheStreet,2025-07-09 22:27:56.953728,2025-07-09 23:27:56.953855
Markets Rally Ahead Despite Potential Complications,Zacks,2025-07-09 22:45:59.952061,2025-07-09 23:45:59.952173
Australia takes another step toward a central bank digital currency,Reuters,2025-07-10 00:21:28.152958,2025-07-10 02:21:28.153982
Bitcoin blasts past $112k to hit historic all-time high,TheStreet,2025-07-09 23:21:28.154919,2025-07-10 02:21:28.155055
U.S. Digital Assets Tax Policy Getting Hearing During 'Crypto Week',CoinDesk,2025-07-09 22:21:28.162463,2025-07-10 02:21:28.162567
China industry body warns against illegal fundraising risks involving stablecoins,Reuters,2025-07-10 02:42:01.868788,2025-07-10 03:42:01.870118
"Asia Morning Briefing: Nvidia’s Rally to $4 Trillion Might Have Helped BTC, But Correlation Is Waning",CoinDesk,2025-07-10 02:34:06.041269,2025-07-10 05:34:06.041396
Zelenskyy’s suit bet leaves traders baffled after $240M market resolves to ‘no’,TheStreet,2025-07-10 05:43:32.700099,2025-07-10 06:43:32.701071
"Ether, Dogecoin Lead Crypto Gains as Firms Signal 'Prime' Breakout Chance for Market",CoinDesk,2025-07-10 04:43:32.702044,2025-07-10 06:43:32.702168
"Bears Lose $400M to Liquidations, Largest Since May, as BTC, ETH, SOL Spike Higher",CoinDesk,2025-07-10 03:43:32.703020,2025-07-10 06:43:32.703131
XRP Traders Target $6 as Ripple’s RLUSD Surges Past $500M Market Cap,CoinDesk,2025-07-10 06:38:07.129661,2025-07-10 08:38:07.130609
PUMP Lingers at 40% Premium Over ICO Price on Hyperliquid Ahead of Pump.fun Token Sale,CoinDesk,2025-07-10 05:38:07.132494,2025-07-10 08:38:07.132606
"Bitcoin Bulls Increase Exposure as Trump's Pressure on Fed Pushes $15B Into BTC ETFs, Analyst Says",CoinDesk,2025-07-10 05:38:07.133436,2025-07-10 08:38:07.133543
Should You Follow This 1 Shocking Cryptocurrency Recommendation From a Top Financial Advisor?,Motley Fool,2025-07-10 08:55:19.742952,2025-07-10 09:33:19.743917
"Shiba Inu Smashes Triangle Pattern Against Bitcoin, But Looks Weak Against Dogecoin",CoinDesk,2025-07-10 06:33:19.746310,2025-07-10 09:33:19.746444
Has Circle Internet Group's Stock Already Peaked?,Motley Fool,2025-07-10 09:09:04.683123,2025-07-10 09:50:04.684106
Bitrue adds USD1 from World Liberty Financial as base trading pair,Investing.com,2025-07-10 10:00:12.666336,2025-07-10 10:34:12.667296
"Zacks Investment Ideas feature highlights: Circle Group, Coinbase Global, Strategy, iShares Bitcoin Trust ETF and the ARK Bitcoin ETF",Zacks,2025-07-10 09:34:12.671129,2025-07-10 10:34:12.671239
BlackRock's Spot Ether ETF Registers Record Trading Volume of 43M Amid Net Inflows of $158M,CoinDesk,2025-07-10 07:34:12.672048,2025-07-10 10:34:12.672153
"Hyperliquid Trader Fumbles $26M ETH Short Profit, Faces $716K Loss After Doubling Down",CoinDesk,2025-07-10 07:34:12.672973,2025-07-10 10:34:12.673077
Justin Sun Wants to Make TRUMP a Global Crypto Brand With $100M Buy,CoinDesk,2025-07-10 07:34:12.673886,2025-07-10 10:34:12.673998
"CEO Tom Gardner: ""Look Where Others Aren't Looking"" to Beat the Market Over the Next 3 to 5 Years",Motley Fool,2025-07-10 10:30:27.780250,2025-07-10 10:52:27.781283
Prediction: Bitcoin Will Be Worth $1 Million in 10 Years,Motley Fool,2025-07-10 10:50:58.279401,2025-07-10 11:25:58.280352
Australia's Central Bank to Explore Developing Wholesale Tokenized Asset Markets,CoinDesk,2025-07-10 09:25:58.285420,2025-07-10 11:25:58.285530
Jack Ma-Backed Ant to Add Circle’s Stablecoin to Global Net,Bloomberg,2025-07-10 09:25:58.288246,2025-07-10 11:25:58.288355
Crypto Complacency: What Historic Low Implied Volatility Says About the Market,CoinDesk,2025-07-10 10:57:43.117045,2025-07-10 11:44:43.117971
"Cameo’s birthday reminder app, Candl, is a weak attempt at a comeback",TechCrunch,2025-07-10 12:00:33.803278,2025-07-10 12:59:33.804233
Why Crypto Markets Are Mimicking Wall Street's Summer Lull,CoinDesk,2025-07-10 10:59:33.805254,2025-07-10 12:59:33.805379
Is First Trust Rising Dividend Achievers ETF (RDVY) a Strong ETF Right Now?,Zacks,2025-07-10 10:59:33.808099,2025-07-10 12:59:33.808207
Alibaba Founder-Backed Ant Group to Integrate Circle’s USDC on Its Blockchain,CoinDesk,2025-07-10 09:59:33.809912,2025-07-10 12:59:33.810016
This One Metric Suggests Bitcoin Has Plenty of Room Left to Run,CoinDesk,2025-07-10 09:59:33.810810,2025-07-10 12:59:33.810915
"Zanmai India to take over WazirX operations, MAS clears key compliance hurdle",TheStreet,2025-07-10 12:58:29.516180,2025-07-10 13:43:29.517126
"The SEC opened the ‘floodgates’ for crypto ETFs, experts say, marking a new era for the industry",Fortune,2025-07-10 11:43:29.519148,2025-07-10 13:43:29.519264
Rumble Taps MoonPay for Crypto Wallet Ahead of Q3 Launch,CoinDesk,2025-07-10 11:43:29.520109,2025-07-10 13:43:29.520221
WPP Names New CEO as Ad Giant Looks to AI Growth,Investopedia,2025-07-10 14:11:18.915288,2025-07-10 14:32:18.916294
Bitcoin Price Levels to Watch After Cryptocurrency Hits First Record High Since May,Investopedia,2025-07-10 14:01:18.917740,2025-07-10 14:32:18.917868
Exclusive: Stablecoin startup Agora raises $50 million Series A led by crypto VC giant Paradigm,Fortune,2025-07-10 12:32:18.921954,2025-07-10 14:32:18.922071
Europe’s Financial Watchdog Probes Malta Over Fast-Track MiCA Authorizations,CoinDesk,2025-07-10 11:32:18.923827,2025-07-10 14:32:18.923950
Bitcoin's Q2 Boom Being Fueled by Corporates: Bitwise,CoinDesk,2025-07-10 11:32:18.924754,2025-07-10 14:32:18.924858
NovaEx Launches with a Security-First Crypto Trading Platform Offering Deep Liquidity and Institutional-Grade Infrastructure,etf.com,2025-07-10 08:52:30.340720,2025-07-10 14:52:30.340823
Stablecoins go mainstream after Circle's blockbuster IPO. Here's what they do.,Yahoo Finance,2025-07-10 15:22:13.547760,2025-07-10 15:33:13.548708
"HCW downgrades Coinbase to Sell, says rally has run ahead of fundamentals",Investing.com,2025-07-10 15:29:55.131768,2025-07-10 15:50:55.132724
Cardano Foundation Increased Spending on Core Areas by 15% Last Year,CoinDesk,2025-07-10 13:50:55.137869,2025-07-10 15:50:55.137994
Polkadot's DOT Gains as Much as 5% as Bitcoin Nears All-Time Highs,CoinDesk,2025-07-10 12:50:55.139882,2025-07-10 15:50:55.140009
BIT Mining Surges 250% on Solana Pivot,CoinDesk,2025-07-10 12:50:55.140798,2025-07-10 15:50:55.140904
Alibaba-backed firm eyes partnership with Circle’s USDC,TheStreet,2025-07-10 15:42:39.157086,2025-07-10 16:37:39.158046
BIT Mining Stock Doubles on Crypto Firm's Investment in Solana,Investopedia,2025-07-10 15:37:39.160003,2025-07-10 16:37:39.160114
Bitcoin Depot Surges 250.6% YTD: Is it Too Late to Buy BTM Stock?,Zacks,2025-07-10 14:37:39.161889,2025-07-10 16:37:39.162000
Implied Volatility Surging for Banco De Chile Stock Options,Zacks,2025-07-10 14:37:39.163737,2025-07-10 16:37:39.163858
XRP Tests $2.46 Barrier After Bullish Run — Watch for Confirmation Above,CoinDesk,2025-07-10 14:37:39.165572,2025-07-10 16:37:39.165675
PrimeXBT launches MT5 PRO account with superior conditions for high-volume traders,etf.com,2025-07-10 12:37:39.172918,2025-07-10 16:37:39.173025
Bitcoin hits fresh record high,Reuters,2025-07-10 17:22:26.525534,2025-07-10 17:30:26.526485
Coinbase partners with Perplexity AI to deliver real-time market data,TheStreet,2025-07-10 16:37:26.527805,2025-07-10 17:30:26.527934
Binance Founders’ $10 Billion Fund Backs US Crypto Listing Bid,Bloomberg,2025-07-10 16:30:26.528800,2025-07-10 17:30:26.528911
Why Shiba Inu Is Surging This Week,Motley Fool,2025-07-10 16:30:26.529757,2025-07-10 17:30:26.529865
OpenAI to launch AI-powered web browser,Verdict,2025-07-10 16:30:26.530690,2025-07-10 17:30:26.530797
Visa in a Wallet-Driven World: Can It Stay Indispensable?,Zacks,2025-07-10 16:30:26.532531,2025-07-10 17:30:26.532634
"With Elon Musk’s right hand Linda Yaccarino stepping down, here’s who Polymarket is betting will take over the CEO spot at X",Fortune,2025-07-10 15:30:26.536182,2025-07-10 17:30:26.536286
Bitmine Immersion Stock Sheds Another 20% After $2B ATM Offering,CoinDesk,2025-07-10 15:47:45.564417,2025-07-10 17:47:45.564524
"Crypto for Advisors: Advisors, the Final Frontier",CoinDesk,2025-07-10 15:47:45.565343,2025-07-10 17:47:45.565451
Coinbase Partners With Perplexity AI to Bring Real-Time Crypto Market Data to Traders,CoinDesk,2025-07-10 15:47:45.566269,2025-07-10 17:47:45.566375
Open Interest in XRP Options Nears $100M as High Volatility Draws Yield Hunters,CoinDesk,2025-07-10 14:47:45.568111,2025-07-10 17:47:45.568219
"Bitcoin surges to new highs above $113,000 as investors go risk on",Yahoo Finance,2025-07-10 18:27:45.268558,2025-07-10 18:39:45.269512
IRS to back down on controversial broker rule,TheStreet,2025-07-10 18:10:45.270937,2025-07-10 18:39:45.271075
Ripple CEO makes surprising trillion-dollar prediction on stablecoins,TheStreet,2025-07-10 17:43:45.272315,2025-07-10 18:39:45.272435
Justin Sun Wants to Make TRUMP a Global Crypto Brand,CoinDesk,2025-07-10 17:39:45.273295,2025-07-10 18:39:45.273407
Bitcoin hits another record high,Reuters,2025-07-10 17:39:45.274255,2025-07-10 18:39:45.274365
Will Affirm Be a Long-Term Winner in a Crowded Fintech Space?,Zacks,2025-07-10 16:39:45.276113,2025-07-10 18:39:45.276216
COIN Stock Trades Near 52-Week High: Buy Now or Wait for a Pullback?,Zacks,2025-07-10 16:39:45.278862,2025-07-10 18:39:45.278985
"Bitcoin touches another fresh all-time high above $113,000",Business Insider,2025-07-10 18:24:23.754916,2025-07-10 19:24:23.755029
"Bitcoin Breaks Fresh Record Topping $113,000",CoinDesk,2025-07-10 17:24:23.758699,2025-07-10 19:24:23.758805
Sui Rallies Nearly 10% in Bullish Breakout,CoinDesk,2025-07-10 16:24:23.762437,2025-07-10 19:24:23.762542
Why 24/7 Digital Markets Will Power Development in Frontier Economies,CoinDesk,2025-07-10 16:24:23.764301,2025-07-10 19:24:23.764405
Japanese Real Estate Firm GATES to Tokenize $75M in Tokyo Property on Oasys Blockchain,CoinDesk,2025-07-10 16:24:23.766158,2025-07-10 19:24:23.766266
German State Lender NRW.BANK Issues €100M Blockchain Bond on Polygon,CoinDesk,2025-07-10 16:24:23.768000,2025-07-10 19:24:23.768104
Why Dogecoin Is Soaring Today,Motley Fool,2025-07-10 19:10:26.393876,2025-07-10 19:43:26.394853
Mockly made a fake DM generator that’s actually user-friendly,TechCrunch,2025-07-10 18:48:26.396365,2025-07-10 19:43:26.396497
Bitcoin hits $113k all-time-high but analyst predicts $200k,TheStreet,2025-07-10 20:10:15.432105,2025-07-10 20:32:15.433057
Robinhood users in U.S. can now stake ETH and SOL for just $1,TheStreet,2025-07-10 19:32:15.433978,2025-07-10 20:32:15.434100
$MBG Token Pre-Sale Set for July 15 — Only 7 million Tokens Available at $0.35,etf.com,2025-07-10 19:32:15.436825,2025-07-10 20:32:15.436934
GameSquare Completes $5 Million Ethereum Purchase as Part of $100 Million Treasury Strategy,etf.com,2025-07-10 17:32:15.445181,2025-07-10 20:32:15.445286
Nvidia closes above $4 trillion for the first time,Investing.com,2025-07-10 20:43:27.025902,2025-07-10 20:49:27.026861
"Bitcoin reaches all-time highs as it surges beyond $113,000",Fortune,2025-07-10 18:49:27.032714,2025-07-10 20:49:27.032822
"Crypto Shows Zero Use Case, High Risk: Bernstein",Bloomberg,2025-07-10 20:28:38.056929,2025-07-10 21:28:38.057051
Ripple CEO predicts trillions will flow into exploding stablecoin market,TheStreet,2025-07-10 18:28:38.065437,2025-07-10 21:28:38.065544
Leading analyst calls XRP 'banking meme coin',TheStreet,2025-07-10 23:01:43.345131,2025-07-10 23:27:43.346078
‘Walmart toy coin’ outpaces Bitcoin even as it hits all-time high,TheStreet,2025-07-11 01:24:19.894357,2025-07-11 02:24:19.895374
"Dogecoin, Shiba Inu lead outrageous rally as market flips direction",TheStreet,2025-07-11 01:24:19.896402,2025-07-11 02:24:19.896536
Short sellers face market's wrath as $700M gets liquidated in minutes,TheStreet,2025-07-11 01:24:19.897429,2025-07-11 02:24:19.897544
Trump says ‘through the roof’ as $470M in shorts get liquidated,TheStreet,2025-07-11 00:24:19.898488,2025-07-11 02:24:19.898606
Billionaire outspends Musk (as % of net worth) in Trump token splash,TheStreet,2025-07-11 00:24:19.899461,2025-07-11 02:24:19.899571
Bitcoin jumps to record on institutional investor demand,Reuters,2025-07-10 17:47:53.349323,2025-07-11 03:47:53.349428
MoneyMasters Podcast 7-10-25- Why Crypto Is Much More Than Just Bitcoin Now,MoneyShow,2025-07-10 16:47:53.353998,2025-07-11 03:47:53.354100
"In major shift, Shanghai regulator mulls policy responses to stablecoins and cryptocurrencies",Reuters,2025-07-11 04:23:04.426281,2025-07-11 04:46:04.427223
"Billionaire Dan Loeb of Third Point Sold His Entire Stake in Tesla in Favor of a Stock That's Climbed More Than 420,000% Since Its IPO",Motley Fool,2025-07-11 07:06:28.906386,2025-07-11 07:30:28.907333
6 Reasons to Buy SoFi Technologies Stock Like There's No Tomorrow,Motley Fool,2025-07-11 07:11:32.017806,2025-07-11 07:47:32.018775
"Bitcoin surges to new highs above $117,000 as investors go risk on",Yahoo Finance,2025-07-11 08:19:56.646050,2025-07-11 08:37:56.646989
"In big shift, Shanghai regulator mulls policy responses to stablecoins and cryptocurrencies",Reuters,2025-07-11 04:37:56.649887,2025-07-11 08:37:56.649999
What To Expect from the US House’s 'Crypto Week',Investopedia,2025-07-11 09:00:55.890137,2025-07-11 09:48:55.891082
Is Bitcoin Going to Surge in July?,Motley Fool,2025-07-11 09:00:55.892429,2025-07-11 09:48:55.892556
Is the Crypto Bubble About to Pop?,Motley Fool,2025-07-11 08:48:55.893424,2025-07-11 09:48:55.893536
"Solana Just Grew 5,349% in 30 Days Per This 1 Key Metric",Motley Fool,2025-07-11 08:48:55.894371,2025-07-11 09:48:55.894479
Can Shiba Inu Reach $1 in 2025? The Answer Will Make Your Head Spin.,Motley Fool,2025-07-11 08:48:55.896239,2025-07-11 09:48:55.896345
Is Palantir a Buy?,Motley Fool,2025-07-11 08:48:55.897158,2025-07-11 09:48:55.897260
This Company Is Giga-Bullish About Solana. But Should You Buy the Stock or the Coin?,Motley Fool,2025-07-11 08:48:55.898064,2025-07-11 09:48:55.898173
"Bitcoin surges to new highs above $118,000 as investors go risk on",Yahoo Finance,2025-07-11 10:20:33.489669,2025-07-11 10:33:33.490673
"Bitcoin rockets past $118k, inches toward $120k",TheStreet,2025-07-11 10:15:33.492081,2025-07-11 10:33:33.492210
Is Rigetti Computing Stock a Buy Now?,Motley Fool,2025-07-11 10:05:33.493321,2025-07-11 10:33:33.493436
European securities regulator warns about crypto firms misleading customers,Reuters,2025-07-11 09:53:33.494545,2025-07-11 10:33:33.494656
Bitcoin reaches new record high ahead of US House's ‘Crypto Week’,Euronews,2025-07-11 10:11:55.368963,2025-07-11 10:51:55.369100
Trump's $100 million crypto mystery man,Reuters,2025-07-11 11:02:45.975358,2025-07-11 11:25:45.976317
Should You Buy SoFi While It's Below $25?,Motley Fool,2025-07-11 10:54:45.977744,2025-07-11 11:25:45.977875
Bitcoin's record high lifts crypto stocks on renewed regulatory optimism,Reuters,2025-07-11 11:32:26.932088,2025-07-11 11:44:26.933054
"Bitcoin tops $118,000 for the first time, and keeps on going",Associated Press Finance,2025-07-11 12:38:07.788332,2025-07-11 12:58:07.789286
Orion deploys Temenos digital banking platform for BNI Madagascar,Retail Banker International,2025-07-11 11:58:07.791761,2025-07-11 12:58:07.791875
Bitcoin's new record lifts industry stocks ahead of 'Crypto Week' in Washington,Reuters,2025-07-11 11:58:07.792721,2025-07-11 12:58:07.792832
Bitcoin ETF (FBTC) Hits New 52-Week High,Zacks,2025-07-11 10:58:07.794588,2025-07-11 12:58:07.794697
"Bitcoin surges to new highs above $118,000 as investors go risk-on",Yahoo Finance,2025-07-11 10:58:07.795503,2025-07-11 12:58:07.795612
Is iShares MSCI USA Quality Factor ETF (QUAL) a Strong ETF Right Now?,Zacks,2025-07-11 10:58:07.796396,2025-07-11 12:58:07.796518
3 Low-Volatility Stocks with Mounting Challenges,StockStory,2025-07-11 04:58:07.809054,2025-07-11 12:58:07.809159
1 Cash-Heavy Stock with Promising Prospects and 2 to Turn Down,StockStory,2025-07-11 04:58:07.809960,2025-07-11 12:58:07.810062
Over $1 Billion in Liquidations Shows Pain Hitting Crypto Bears,Bloomberg,2025-07-11 12:39:34.667138,2025-07-11 13:39:34.667263
"Bitcoin surges to a fresh all-time high above $118,000",Business Insider,2025-07-11 12:39:34.669039,2025-07-11 13:39:34.669149
Exodus Movement price target lowered to $50 from $60 at BTIG,TipRanks,2025-07-11 12:39:34.670893,2025-07-11 13:39:34.671000
Bitcoin Hits New Highs: 6 Reasons Why the ETF Rally Could Continue,Zacks,2025-07-11 11:39:34.672769,2025-07-11 13:39:34.672875
2 Reasons to Watch BANF and 1 to Stay Cautious,StockStory,2025-07-11 04:39:34.691966,2025-07-11 13:39:34.692069
"VTV Is a Great Choice for Most, but I Like the VUG ETF Better",Motley Fool,2025-07-11 13:45:38.278304,2025-07-11 14:31:38.279261
"Bitcoin Tops $118,000 in Another All-Time High",Investopedia,2025-07-11 13:31:38.280170,2025-07-11 14:31:38.280317
Better Fintech Stock: Block vs. SoFi Technologies,Motley Fool,2025-07-11 12:31:38.283912,2025-07-11 14:31:38.284020
5 Reasons to Invest in Crypto When You’re Retired — And 5 Reasons to Avoid It,GOBankingRates,2025-07-11 14:47:16.669179,2025-07-11 15:31:16.670035
What's Different About This Bitcoin Bull Run?,CoinDesk,2025-07-11 14:38:16.671314,2025-07-11 15:31:16.671442
Bitcoin Just Hit a New All-Time High. But Is the Leading Cryptocurrency a Buy?,Motley Fool,2025-07-11 15:51:36.103583,2025-07-11 16:36:36.104558
Bitcoin Tops $118K: ETFs to Make the Most of the Rally,Zacks,2025-07-11 15:36:36.105573,2025-07-11 16:36:36.105699
Can Mastercard Stay Ahead in the Race Toward a Digital Wallet Future?,Zacks,2025-07-11 15:36:36.106536,2025-07-11 16:36:36.106649
"Ethereum Foundation Sells 10,000 ETH to SharpLink in First-Such OTC Deal",CoinDesk,2025-07-11 13:36:36.111173,2025-07-11 16:36:36.111278
Shiba Inu's 18% Monthly Price Gain Signals Potential Double Bottom Rally,CoinDesk,2025-07-11 13:36:36.112093,2025-07-11 16:36:36.112198
"PEPE Jumps 14% as Whales Pile In, Bitcoin Breaks $118K in Broad Crypto Rally",CoinDesk,2025-07-11 12:36:36.117590,2025-07-11 16:36:36.117693
BNB Climbs Toward $700 as $1B Token Burn and Corporate Treasury Plans Fuel Demand,CoinDesk,2025-07-11 11:36:36.121264,2025-07-11 16:36:36.121369
Filecoin Gains as Much as 9% as the Token Breaks Out on High Volume,CoinDesk,2025-07-11 11:36:36.124919,2025-07-11 16:36:36.125021
"GMX Exploiter Return $40M Days After Hack, Token Zooms Higher",CoinDesk,2025-07-11 11:36:36.125825,2025-07-11 16:36:36.125928
Aptos' APT Jumps as Much as 9% as Crypto Markets Explode Higher,CoinDesk,2025-07-11 10:36:36.131347,2025-07-11 16:36:36.131469
ETH Surges Past $3K as Glassnode Flags Rare Flip in Futures Volume Over Bitcoin,CoinDesk,2025-07-11 10:36:36.132270,2025-07-11 16:36:36.132372
"Bitcoin at High Leaves Crypto Stocks Mixed as Strategy, Galaxy Gain, Coinbase Falls",CoinDesk,2025-07-11 10:36:36.134095,2025-07-11 16:36:36.134197
"Bitcoin, Ether, Solana, XRP Price Analysis: BTC Resistance at $120K?",CoinDesk,2025-07-11 09:36:36.136839,2025-07-11 16:36:36.136944
"Bitcoin's Rally Reflects Dollar Weakness, Other Assets Highlight the Barriers Ahead",CoinDesk,2025-07-11 08:36:36.138660,2025-07-11 16:36:36.138764
"What’s Next for Ether, Solana, XRP and Other Majors as Bitcoin Clears $118K",CoinDesk,2025-07-11 07:36:36.145000,2025-07-11 16:36:36.145101
Pump.fun Acquires Wallet Tracker Kolscan to Expand Onchain Trading Tools,CoinDesk,2025-07-11 06:36:36.145934,2025-07-11 16:36:36.146039
"XRP Surges 6% on Breakout From Descending Wedge, Whale Wallets Cross 47B Tokens",CoinDesk,2025-07-11 05:36:36.146856,2025-07-11 16:36:36.146958
"Web3 Gaming Faces Ongoing Turmoil, Market Metrics Reveal Persistent Decline",CoinDesk,2025-07-11 04:36:36.149612,2025-07-11 16:36:36.149716
Why MicroStrategy (MSTR) Stock Is Trading Up Today,StockStory,2025-07-11 16:51:04.070806,2025-07-11 17:29:04.071849
What is a cold wallet? Ledger Stax review,TheStreet,2025-07-11 16:29:04.072924,2025-07-11 17:29:04.073050
"YouTuber MrBeast eyes X CEO role, Musk didn't rule out",TheStreet,2025-07-11 16:29:04.073983,2025-07-11 17:29:04.074098
Global Payments Teams Up With Oro to Launch OroPay for B2B Firms,Zacks,2025-07-11 16:29:04.074938,2025-07-11 17:29:04.075048
"Bitcoin's latest jump to record highs sets it up for another 14% rally, technical analyst says",Business Insider,2025-07-11 16:29:04.075874,2025-07-11 17:29:04.075983
"Bitcoin surpasses $118K, its second all-time high, in less than 24 hours",TechCrunch,2025-07-11 16:29:04.076820,2025-07-11 17:29:04.076926
Crypto-Related Stocks Get Boost From Bitcoin's Record-Setting Performance,Investopedia,2025-07-11 16:29:04.078652,2025-07-11 17:29:04.078757
Alibaba vs. JD.com: Which Chinese E-Commerce Stock Has Better Upside?,Zacks,2025-07-11 15:29:04.079584,2025-07-11 17:29:04.079689
"Defi Tokens Are Soaring, Leaving Behind OG Coins Like LTC, BCH and XMR",CoinDesk,2025-07-11 14:29:04.084170,2025-07-11 17:29:04.084274
"Bitcoin tops $118,000 for the first time, as the cryptocurrency continues to climb to new heights",Associated Press Finance,2025-07-11 13:29:04.088761,2025-07-11 17:29:04.088863
Why Bitcoin Soared to New All-Time Highs Today,Motley Fool,2025-07-11 17:08:29.443604,2025-07-11 17:47:29.444650
Why XRP Skyrocketed This Week,Motley Fool,2025-07-11 17:39:55.055230,2025-07-11 18:39:55.056210
"Bitcoin surpasses $118K, its second all-time high in less than 24 hours",TechCrunch,2025-07-11 16:39:55.062864,2025-07-11 18:39:55.062968
Tether/Circle Stablecoin Supply Growth Signals Strong Liquidity Backing Crypto Rally,CoinDesk,2025-07-11 15:39:55.065575,2025-07-11 18:39:55.065683
Robinhood Probed by Florida AG’s Office Over Allegedly ‘Deceptive’ Crypto Pricing Claims,CoinDesk,2025-07-11 15:39:55.068324,2025-07-11 18:39:55.068427
"Grayscale Challenges SEC’s Delay of GDLC ETF Launch, Calls Stay Order Unlawful",CoinDesk,2025-07-11 15:39:55.069229,2025-07-11 18:39:55.069333
"Crypto investors look ahead to policy wins, propelling bitcoin to record high",Reuters,2025-07-11 11:39:55.084572,2025-07-11 18:39:55.084674
"Standard Chartered Predicts Bitcoin Will Hit $135,000 by the End of September",Motley Fool,2025-07-11 18:59:28.620794,2025-07-11 19:25:28.621747
Why Robinhood Stock Soared 151% in the First Half of 2025,Motley Fool,2025-07-11 18:42:28.623121,2025-07-11 19:25:28.623247
"SOL: Nasdaq-Listed Firm Secures $200M in Financing, with Over $150M Tied to Solana Treasury Strategy",CoinDesk,2025-07-11 16:25:28.629670,2025-07-11 19:25:28.629788
Analyst spots best breakout attempt as XRP jumps 30%,TheStreet,2025-07-11 19:33:08.867758,2025-07-11 19:44:08.868722
Broker Transparency – A Fight for Fairness or Just a Flashpoint,FreightWaves,2025-07-11 20:00:43.894094,2025-07-11 20:31:43.895053
US Unique Among Crypto Framework: Blockchain Assoc. CEO,Bloomberg,2025-07-11 19:55:43.896327,2025-07-11 20:31:43.896454
Exclusive: Crypto and stablecoin infrastructure startup Zerohash to raise $100 million at an almost $1 billion valuation,Fortune,2025-07-11 18:31:43.900376,2025-07-11 20:31:43.900485
Weekly Recap: Bitcoin Hits ATH as Dozens of Treasuries Bloom,CoinDesk,2025-07-11 17:31:43.903154,2025-07-11 20:31:43.903262
Bitcoin smashes record high but greed remains in check,TheStreet,2025-07-11 20:32:27.164880,2025-07-11 20:48:27.165826
HIVE stock at four-month high amid historic Bitcoin rally,TheStreet,2025-07-11 19:57:27.168315,2025-07-11 20:48:27.168430
6 takeaways from the Senate’s crypto market structure hearing,Banking Dive,2025-07-11 12:48:27.197808,2025-07-11 20:48:27.197911
50 Stores Where You Can Pay With Crypto,GOBankingRates,2025-07-11 21:01:38.804386,2025-07-11 21:27:38.805373
Why XRP Is Surging Today,Motley Fool,2025-07-11 20:59:38.806938,2025-07-11 21:27:38.807073
"Strategy, Metaplanet and Others Sit on Billions in Bitcoin Gains — and They’re Not Selling",CoinDesk,2025-07-11 18:27:38.815863,2025-07-11 21:27:38.815974
Binance taps $4T market with first-ever Sharia-compliant staking service,TheStreet,2025-07-11 21:26:34.484332,2025-07-11 21:44:34.485295
Why Dogecoin Is Surging Today,Motley Fool,2025-07-11 21:20:34.486687,2025-07-11 21:44:34.486820
Affirm Holdings (AFRM) Suffers a Larger Drop Than the General Market: Key Insights,Zacks,2025-07-11 22:27:39.726838,2025-07-11 23:27:39.727800
Ethereum ETFs See Inflow Surge as BlackRock’s ETHA Draws in Record $300M in a Day,CoinDesk,2025-07-11 20:27:39.733539,2025-07-11 23:27:39.733646
State of Crypto: Previewing Congress' 'Crypto Week',CoinDesk,2025-07-11 20:27:39.737222,2025-07-11 23:27:39.737325
GFT: Guiding US banks’ stablecoin ambitions while maintaining compliance,Electronic Payments,2025-07-12 06:43:26.029613,2025-07-12 07:27:26.030578
MicroStrategy vs. Bitcoin: What's the Better Crypto Investment?,Motley Fool,2025-07-12 08:08:29.116223,2025-07-12 08:34:29.117262
2 Tariff-Proof Stocks to Buy as Trump Threatens 70% Tariffs,Motley Fool,2025-07-12 08:35:29.157591,2025-07-12 09:28:29.158568
3 Reasons to Buy Bitcoin Before March 2028,Motley Fool,2025-07-12 09:12:21.862733,2025-07-12 09:45:21.863703
DOGE Surges 9% Before Sharp Reversal as $0.213 Resistance Halts Rally,CoinDesk,2025-07-12 07:45:21.866664,2025-07-12 09:45:21.866773
Why is XRP Up Today? Whale-Driven Rally Sends Ripple to Nearly $3,CoinDesk,2025-07-12 06:45:21.868537,2025-07-12 09:45:21.868644
Motley Fool CEO Tom Gardner: S&P 500 (VOO) at 25× Earnings Is Stretching Valuations,Motley Fool,2025-07-12 10:05:10.282439,2025-07-12 10:31:10.283401
I Asked ChatGPT To Explain TRUMP Crypto to Me Like I’m 12: Here’s What It Said,GOBankingRates,2025-07-12 10:02:10.284824,2025-07-12 10:31:10.284952
"Could a $2,000 Investment in Ethereum Turn Into $10,000 by 2030?",Motley Fool,2025-07-12 10:00:10.286071,2025-07-12 10:31:10.286188
XRP: Buy the Dip?,Motley Fool,2025-07-12 09:55:10.287265,2025-07-12 10:31:10.287375
Crypto Traders Eye $130K Bitcoin as Majors Price-Action Shows Market Structure Shift,CoinDesk,2025-07-12 07:48:10.006577,2025-07-12 10:48:10.006682
3 Things To Do if You Got an IRS Warning Letter About Your Crypto Activity,GOBankingRates,2025-07-12 10:48:17.358807,2025-07-12 11:24:17.359766
XLM posts 60% weekly gain as 'monster' altcoin season anticipated,TheStreet,2025-07-12 10:24:17.360759,2025-07-12 11:24:17.360882
Binance Aided Trump Crypto Firm Before Founder CZ Sought Pardon,Bloomberg,2025-07-11 23:44:02.344737,2025-07-12 11:44:02.344845
Binance aided Trump crypto firm before founder CZ sought pardon,Bloomberg,2025-07-12 12:09:01.370197,2025-07-12 12:54:01.371144
Token founded by Ripple co-founder gains 70% in a week,TheStreet,2025-07-12 10:54:01.373094,2025-07-12 12:54:01.373208
Where Will ARK 21Shares Bitcoin ETF Be in 5 Years?,Motley Fool,2025-07-12 12:35:20.275072,2025-07-12 13:35:20.276075
"Fed Chair Jerome Powell reportedly considers resigning, William Pulte hints",TheStreet,2025-07-11 22:35:20.289975,2025-07-12 13:35:20.290082
6 Subtly Genius Ways You Can Grow Your Wealth by the End of the Year,GOBankingRates,2025-07-12 13:02:23.885471,2025-07-12 13:50:23.886446
Get Up to Speed on Stablecoins and Why They're the Hottest Thing in Crypto This Summer,Motley Fool,2025-07-12 15:34:08.326441,2025-07-12 16:34:08.326566
"Coinbase’s Pudgy Penguin Avatar Change, ETF Hopes Ignite 60% PENGU Rally",CoinDesk,2025-07-12 14:51:55.629329,2025-07-12 16:51:55.629441
Robert Kiyosaki: 5 Decisions That Helped Him Get Rich,GOBankingRates,2025-07-12 12:25:50.859192,2025-07-12 17:25:50.859320
Is Circle Internet Stock a Millionaire Maker?,Motley Fool,2025-07-12 17:07:37.851229,2025-07-12 17:45:37.852183
"Tether to Halt USDT on Omni, BCH, Kusama, EOS, Algorand as Focus Shifts to Layer 2s",CoinDesk,2025-07-12 15:37:35.084472,2025-07-12 18:37:35.084598
Pump.fun Swiftly Raises $500M in Public Sale at $4B Fully Diluted Valuation,CoinDesk,2025-07-12 16:22:21.703557,2025-07-12 19:22:21.703680
"Another BTC Mining Firm Moves Into Ethereum Reserve, Hailing ETH as ‘Digital Gold’",CoinDesk,2025-07-12 17:29:41.053716,2025-07-12 20:29:41.053838
Pump.fun swiftly raises $500M in public sale at $4B fully diluted valuation,CoinDesk,2025-07-12 16:29:41.054743,2025-07-12 20:29:41.054863
Stellar Performance From XLM as It Posts Top 24H Percentage Gain Among Top 20 Cryptos,CoinDesk,2025-07-12 18:26:07.935019,2025-07-12 21:26:07.935974
5 Most Valuable ‘Error Coins’ Ever Minted — Look for These Misprints,GOBankingRates,2025-07-13 00:33:17.349221,2025-07-13 02:33:17.350174
AI helped save the chip industry. What happens if it turns out to be a bust?,Fortune,2025-07-13 03:48:55.487503,2025-07-13 05:48:55.488455
Should You Buy Bitcoin Before 2028?,Motley Fool,2025-07-13 08:08:18.169777,2025-07-13 08:34:18.170730
3 Reasons Solana Might Crush Dogecoin's Returns This Summer,Motley Fool,2025-07-13 08:00:18.171958,2025-07-13 08:34:18.172082
Is It the Summer of the Stablecoin?,Motley Fool,2025-07-13 08:22:18.714759,2025-07-13 08:53:18.715705
3 Ways Crypto Can Change How You Get Approved for Your Next Home,GOBankingRates,2025-07-13 09:04:06.335783,2025-07-13 09:31:06.336745
Prediction: Solana Will Be Worth $500 Within 5 Years,Motley Fool,2025-07-13 09:51:54.157201,2025-07-13 10:32:54.158170
"The Smartest Cryptocurrency to Buy With $1,000 Right Now",Motley Fool,2025-07-13 10:45:27.530466,2025-07-13 11:24:27.531433
Cryptoprivacy on trial: jury to decide if Tornado Cash's Roman Storm is a $1B money launderer or a free speech hero,Business Insider,2025-07-13 10:33:27.532797,2025-07-13 11:24:27.532925
2 Cryptocurrencies With Sky-High Valuations That Might Be Worth the Risk,Motley Fool,2025-07-13 11:00:12.782445,2025-07-13 11:45:12.783412
Are We in a Crypto Bubble?,Motley Fool,2025-07-13 12:00:43.908247,2025-07-13 12:54:43.909205
Is Chainlink's Latest Move Bearish For XRP (Ripple)?,Motley Fool,2025-07-13 11:54:43.910214,2025-07-13 12:54:43.910342
These 75 housing markets hit a critical threshold in favor of homebuyers,FastCompany,2025-07-12 14:27:42.179180,2025-07-13 14:27:42.179285
Token founded by Ripple co-founder gains 90% in a week,TheStreet,2025-07-12 16:34:05.641650,2025-07-13 16:34:05.641755
Vitalik Buterin sends a hard-nosed message on ChatGPT and Grok,TheStreet,2025-07-13 18:52:55.023126,2025-07-13 19:22:55.024086
Wall Street pro drops bold price target on Circle stock,TheStreet,2025-07-13 18:33:55.025330,2025-07-13 19:22:55.025458
"Bitcoin Breaks $119K, While XLM and HBAR Lead Altcoin Rally",CoinDesk,2025-07-13 17:22:55.026285,2025-07-13 19:22:55.026415
Chart of the Week: 'Hyperbitcoinization' May Not Be Just Maximalist Fantasy Anymore,CoinDesk,2025-07-13 18:26:22.328552,2025-07-13 21:26:22.328686
3 Ways to Invest in Cryptocurrency That Will Let You Sleep at Night,Motley Fool,2025-07-13 22:11:00.337482,2025-07-13 22:48:00.338460
ICP Jumps 4% as Launch of AI-Powered Self-Writing Web3 Apps Platform ‘Caffeine’ Nears,CoinDesk,2025-07-13 21:28:58.849588,2025-07-14 02:28:58.849712
"Bitcoin Hits Record High of $120,000 as Bullish Momentum Builds",Bloomberg,2025-07-14 04:07:43.112605,2025-07-14 04:49:43.113565
Bitcoin Just Hit a New Record High. 5 Reasons It Could Soar Even Further in the Second Half of 2025.,Motley Fool,2025-07-14 04:01:43.114816,2025-07-14 04:49:43.114943
"Bitcoin tops $120,000 for the first time",Reuters,2025-07-14 03:54:43.116030,2025-07-14 04:49:43.116143
Asia Morning Briefing: How Will Coinbase Rebrand Its Wallet?,CoinDesk,2025-07-14 01:49:43.116971,2025-07-14 04:49:43.117080
Jane Street Deposits $564M to Comply With India Order,Bloomberg,2025-07-14 05:46:50.215338,2025-07-14 06:46:50.216319
"Coca-Cola Is a Great Company, But I Think This Stock Is a Better Investment",Motley Fool,2025-07-14 07:05:10.277539,2025-07-14 07:32:10.278492
"Bitcoin tops $121K, boosting Satoshi Nakamoto’s fortune to $132B",TheStreet,2025-07-14 06:59:10.279744,2025-07-14 07:32:10.279884
Japan’s Metaplanet Buys 797 Bitcoin as BTC Breaks Past $120K,CoinDesk,2025-07-14 04:32:10.281626,2025-07-14 07:32:10.281734
"Bitcoin Soars Past $120,000 as US Congress Starts ‘Crypto Week’",Bloomberg,2025-07-14 08:21:09.672300,2025-07-14 08:43:09.673283
3 Cryptocurrencies With Sky-High Valuations That Might Not Be Worth the Risk,Motley Fool,2025-07-14 08:19:09.674560,2025-07-14 08:43:09.674686
Token founded by Ripple co-founder gains 100% in a week,TheStreet,2025-07-14 07:43:09.675538,2025-07-14 08:43:09.675651
Bearish Bitcoin Trader Loses $92M as Surge Wipes Out $426M in Short Liquidations,CoinDesk,2025-07-14 05:43:09.679274,2025-07-14 08:43:09.679380
"XRP Rallies 8% on Rising Institutional Bid, Eyes $3.40 After 'Triangle Breakout'",CoinDesk,2025-07-14 05:43:09.680212,2025-07-14 08:43:09.680317
"Trump Collaborator, Bill Zanker, Downplays Wallet Kerfuffle",CoinDesk,2025-07-14 05:43:09.681177,2025-07-14 08:43:09.681284
"Bitcoin, Ether Traders Bet Big With Tuesday's U.S. Inflation Data Seen as Non-Event",CoinDesk,2025-07-14 05:43:09.682169,2025-07-14 08:43:09.682276
2 Momentum  Stocks to Research Further and 1 to Be Wary Of,StockStory,2025-07-14 04:43:09.683084,2025-07-14 08:43:09.683189
Why Dogecoin Is Skyrocketing This Week,Motley Fool,2025-07-14 08:52:27.093353,2025-07-14 09:37:27.094315
"1 Top Cryptocurrency to Buy Before It Soars 3,260%, According to Cathie Wood of ARK Invest",Motley Fool,2025-07-14 08:45:27.095713,2025-07-14 09:37:27.095837
"Got $250 a Month? Here's How Much That Could Grow to Over the Next 10, 20, and 30 Years by Investing in This Top Vanguard ETF.",Motley Fool,2025-07-14 08:40:27.096961,2025-07-14 09:37:27.097096
Solana Is Poised for a Monster Move,Motley Fool,2025-07-14 08:37:27.097931,2025-07-14 09:37:27.098058
DOGE Advances 5% on Late-Session Rally as Whale Activity Returns,CoinDesk,2025-07-14 06:37:27.103509,2025-07-14 09:37:27.103612
"As Bitcoin Rushes Past $122K, What's Next for Ether, XRP, Dogecoin?",CoinDesk,2025-07-14 06:37:27.104429,2025-07-14 09:37:27.104532
Crypto bills set to advance this week take industry closer to mainstream,Reuters,2025-07-14 10:20:32.901918,2025-07-14 10:35:32.902919
Crypto exchanges rushed to list Trump's coin - leaving many losers and some big winners,Reuters,2025-07-14 09:52:32.904388,2025-07-14 10:35:32.904537
"2 Scenarios That Could Send Bitcoin to $150,000, or Crash It Back to $45,000",Motley Fool,2025-07-14 09:35:32.905404,2025-07-14 10:35:32.905568
"Alchemy Pay secures money transmitter licence in South Carolina, US",Electronic Payments,2025-07-14 09:35:32.906442,2025-07-14 10:35:32.906590
Bitcoin’s Mysterious Creator Is (Almost) the World’s 10th Richest Person,CoinDesk,2025-07-14 08:35:32.913089,2025-07-14 10:35:32.913196
Aptos' APT Gains 4.5% After High Volume Bullish Breakout,CoinDesk,2025-07-14 08:35:32.914014,2025-07-14 10:35:32.914126
"Bitcoin tops $123K, boosting Satoshi Nakamoto’s fortune to $135B",TheStreet,2025-07-14 07:35:32.916774,2025-07-14 10:35:32.916882
Stablecoin Bill Poised to Pass as House Kicks Off ‘Crypto Week’,Bloomberg,2025-07-14 10:00:56.622873,2025-07-14 10:53:56.623003
U.S. House leaders set to pass stablecoin bill in ’Crypto Week’ push,Investing.com,2025-07-14 11:03:33.117913,2025-07-14 11:26:33.118831
"Prediction: Bitcoin Will Be Worth $200,000 in 1 Year",Motley Fool,2025-07-14 10:33:33.121270,2025-07-14 11:26:33.121387
Is Crypto Getting Too Political? 2 Indicators Investors Should Watch,Motley Fool,2025-07-14 10:30:33.122488,2025-07-14 11:26:33.122599
"Bitcoin Price Sets Another Record as it Tops $122,000",Investopedia,2025-07-14 10:48:23.610428,2025-07-14 11:45:23.610555
"MoonPay Adds Single-Click Crypto Payments for Revolut Users in UK, EU",CoinDesk,2025-07-14 09:45:23.619077,2025-07-14 11:45:23.619184
SafePal and 1inch to Give Away Hardware Wallets to Boost DeFi Security,CoinDesk,2025-07-14 09:45:23.620009,2025-07-14 11:45:23.620116
ARK Invest Sells $8.64M Coinbase Stake After Crypto Exchange's Shares Rally to Record,CoinDesk,2025-07-14 09:45:23.620929,2025-07-14 11:45:23.621033
Blue Remit joins forces with TerraPay to enhance global payout capabilities,Electronic Payments,2025-07-14 12:31:19.621337,2025-07-14 13:00:19.622294
AEON expands Web3 mobile payment solution to Nigeria,Electronic Payments,2025-07-14 12:00:19.623283,2025-07-14 13:00:19.623424
Should Janus Henderson Small/Mid Cap Growth Alpha ETF (JSMD) Be on Your Investing Radar?,Zacks,2025-07-14 11:00:19.628884,2025-07-14 13:00:19.628989
Is First Trust Consumer Discretionary AlphaDEX ETF (FXD) a Strong ETF Right Now?,Zacks,2025-07-14 11:00:19.629793,2025-07-14 13:00:19.629898
"BOE's Bailey Slams Bank Stablecoins, Clashes With Trump’s Crypto Wave: The Times",CoinDesk,2025-07-14 11:00:19.631639,2025-07-14 13:00:19.631745
Bernstein says to expect ’a rather long and exhausting crypto bull market’,Investing.com,2025-07-14 13:27:23.672237,2025-07-14 13:45:23.673187
"Discord’s virtual reward, ‘Orbs,’ launches out of beta",TechCrunch,2025-07-14 13:00:23.675606,2025-07-14 13:45:23.675721
Bitcoin soars to new all-time high as US lawmakers focus on pro-crypto legislation,Associated Press Finance,2025-07-14 14:19:58.878008,2025-07-14 14:32:58.878979
'Crypto Week' pushes bitcoin to record high as lawmakers weigh 3 key bills in DC,Yahoo Finance,2025-07-14 13:53:58.880478,2025-07-14 14:32:58.880616
Live: Bitcoin breaks new all-time highs daily,TheStreet,2025-07-14 13:32:58.881535,2025-07-14 14:32:58.881655
"If You Invested $1000 in Amazon a Decade Ago, This is How Much It'd Be Worth Now",Zacks,2025-07-14 12:32:58.886245,2025-07-14 14:32:58.886368
Tokenized stocks are the next big fintech buzzword. Are they an innovation or a regulatory loophole?,Fortune,2025-07-14 12:32:58.888092,2025-07-14 14:32:58.888196
"Bhutan Quietly Sells $59M in Bitcoin as BTC Hits $123K, Still Holds Over $1.4B in Reserves",CoinDesk,2025-07-14 11:32:58.889920,2025-07-14 14:32:58.890024
Ether Sees Record Short Build up as Hedge Funds Pile on Basis Trade,CoinDesk,2025-07-14 11:32:58.890851,2025-07-14 14:32:58.890957
AP Top Financial News at 10:22 a.m. EDT,Associated Press Finance,2025-07-14 04:32:58.923312,2025-07-14 14:32:58.923436
AP Top Extended Financial Headlines at 10:22 a.m. EDT,Associated Press Finance,2025-07-14 04:32:58.924236,2025-07-14 14:32:58.924354
Watch These Circle Price Levels as the House Votes on Stablecoin Framework,Investopedia,2025-07-14 13:53:18.588384,2025-07-14 14:52:18.588498
MicroStrategy buys $472.5M in Bitcoin as price hits record highs,TheStreet,2025-07-14 15:10:40.620260,2025-07-14 15:32:40.621219
Crypto week is about to kick off in Congress. Here's what it could mean for the market.,Business Insider,2025-07-14 14:32:40.624981,2025-07-14 15:32:40.625097
Can Robinhood Stock Hit $112 in 2025?,Barchart,2025-07-14 13:32:40.625874,2025-07-14 15:32:40.625999
BONK Surges 12% as Grayscale Monitoring Sparks Institutional Momentum,CoinDesk,2025-07-14 12:32:40.632199,2025-07-14 15:32:40.632302
CLARITY Act Could be a Game Changer for Institutional Adoption of Crypto: Benchmark,CoinDesk,2025-07-14 12:32:40.633098,2025-07-14 15:32:40.633203
Why the Price of Bitcoin Keeps Hitting Record Highs,Investopedia,2025-07-14 14:50:13.062928,2025-07-14 15:50:13.063063
BSGM Engages CXG to Acquire FINRA/SEC-Registered Broker-Dealer to Expand Publicly Traded RWA Tokenization Operations,etf.com,2025-07-14 16:35:58.502495,2025-07-14 16:37:58.503454
Jim Cramer has a surprising take on four 'meme' stocks,TheStreet,2025-07-14 16:28:58.504736,2025-07-14 16:37:58.504861
Crypto Asset Manager Grayscale Files for US IPO,Investopedia,2025-07-14 16:24:58.506004,2025-07-14 16:37:58.506118
Crypto Asset Manager Grayscale Files Confidentially for US IPO,Bloomberg,2025-07-14 15:57:58.507211,2025-07-14 16:37:58.507323
Why Are Veritex Holdings (VBTX) Shares Soaring Today,StockStory,2025-07-14 15:37:58.508160,2025-07-14 16:37:58.508269
"MicroStrategy (MSTR) Stock Is Up, What You Need To Know",StockStory,2025-07-14 15:37:58.509090,2025-07-14 16:37:58.509198
How High Can Nvidia Stock Go as Jensen Huang Heads to China?,Barchart,2025-07-14 15:37:58.510034,2025-07-14 16:37:58.510138
JPM Mulls Over Monetizing Client Data: Will it Alter Fintech Business?,Zacks,2025-07-14 14:37:58.512767,2025-07-14 16:37:58.512870
"Bitcoin blows past $120,000 for first time as BlackRock ETF investors pile in",Fortune,2025-07-14 14:37:58.515510,2025-07-14 16:37:58.515611
Shiba Inu Gains 3% as Explosive Burn Rate Spurs Bullish Predictions,CoinDesk,2025-07-14 12:37:58.522871,2025-07-14 16:37:58.522990
Binance Wallet Takes on Pump.fun and Bonk.fun With New Four.Meme Partnership,CoinDesk,2025-07-14 12:37:58.525623,2025-07-14 16:37:58.525728
"Michael Saylor's Strategy Adds 4,225 Bitcoin, Bringing BTC Stack to 601,550",CoinDesk,2025-07-14 12:37:58.526529,2025-07-14 16:37:58.526649
DePIN Explained: What is a Decentralized Physical Infrastructure Network?,TheStreet,2025-07-14 16:55:49.785946,2025-07-14 17:33:49.786910
Cathie Wood sells $14.3M in surging crypto stocks to buy Tesla,TheStreet,2025-07-14 16:39:49.788116,2025-07-14 17:33:49.788245
Bitcoin ETF (GBTC) Hits New 52-Week High,Zacks,2025-07-14 15:33:49.795937,2025-07-14 17:33:49.796042
"Bitcoin surges past $120,000, riding momentum in D.C. and markets",NBC News,2025-07-14 15:33:49.797872,2025-07-14 17:33:49.797982
Democrats Must Embrace Crypto: Terry McAuliffe,CoinDesk,2025-07-14 14:33:49.801659,2025-07-14 17:33:49.801765
Grayscale Files Confidential Submission for IPO With SEC,CoinDesk,2025-07-14 13:33:49.809967,2025-07-14 17:33:49.810071
CoinDesk 20 Performance Update: Stellar (XLM) Surges 20.8% Over Weekend,CoinDesk,2025-07-14 13:33:49.810885,2025-07-14 17:33:49.810989
Generate Income on MSTR Without Owning The Stock (Yet),Barchart,2025-07-14 13:33:49.811800,2025-07-14 17:33:49.811905
Massive deal sends biotech stock rallying 367%,TheStreet,2025-07-14 17:58:47.108012,2025-07-14 18:44:47.109105
‘Rich Dad Poor Dad’ author warns Bitcoin buyers as price tops $120K,TheStreet,2025-07-14 17:51:47.110723,2025-07-14 18:44:47.110858
"Coinbase Stock Rises on Analyst Optimism, Congressional Work on Pro-Crypto Bills",Investopedia,2025-07-14 17:44:47.111764,2025-07-14 18:44:47.111886
Why XRP Is Soaring Again Today,Motley Fool,2025-07-14 17:44:47.112802,2025-07-14 18:44:47.112918
Bitcoin is on a record-setting hot streak. 3 things are driving the latest rally in the top crypto.,Business Insider,2025-07-14 16:44:47.116773,2025-07-14 18:44:47.116884
NEAR Surges 7% in Strong Bullish Recovery Rally,CoinDesk,2025-07-14 16:44:47.120472,2025-07-14 18:44:47.120614
Superstate CEO Robert Leshner Buys Majority Stake in 'Shady' Liquor Vendor With BTC Strategy,CoinDesk,2025-07-14 15:44:47.123377,2025-07-14 18:44:47.123518
BitMine Immersion Surges 40% After Revealing $500M ETH Treasury,CoinDesk,2025-07-14 15:44:47.127117,2025-07-14 18:44:47.127223
Bitcoin Mining Stocks Lead Crypto Equity Gains After BTC Hits $122K,CoinDesk,2025-07-14 14:44:47.129889,2025-07-14 18:44:47.129996
'Regime Change' at Fed? Crypto Rallies as Pressure Mounts on Chairman Jerome Powell,CoinDesk,2025-07-14 14:44:47.131803,2025-07-14 18:44:47.131912
Crypto-focused Grayscale confidentially files for potential US listing,Reuters,2025-07-14 13:44:47.142900,2025-07-14 18:44:47.143005
"Defiance ETFs CEO on Leveraged ETFs, Growth of ETF Space",Bloomberg,2025-07-14 18:34:11.699366,2025-07-14 19:25:11.700330
Bitcoin hits record high as investors pull away from government debt,The Telegraph,2025-07-14 18:25:11.701271,2025-07-14 19:25:11.701393
AAVE Surges as Deposits Hit $50B; Poised to Benefit From U.S. Crypto Regulation,CoinDesk,2025-07-14 17:25:11.708710,2025-07-14 19:25:11.708832
"XRP's Implied Volatility Explodes, Suggests 13% Price Swing as Congress' Crypto Week Kicks Off",CoinDesk,2025-07-14 16:25:11.712440,2025-07-14 19:25:11.712543
XRP's Implied Volatility Explodes as Congress' Crypto Week Kicks Off,CoinDesk,2025-07-14 18:59:22.953475,2025-07-14 19:44:22.954444
"Bitcoin surges to new record, riding momentum in D.C. and markets",NBC News,2025-07-14 15:44:22.976732,2025-07-14 19:44:22.976835
"Vanguard Goes Big on Crypto, Thanks to the Index-Fund Boom It Unleashed",Bloomberg,2025-07-14 20:20:34.397130,2025-07-14 20:32:34.398215
Why is the price of bitcoin hitting a record high? Experts explain.,ABC News,2025-07-14 20:19:34.399882,2025-07-14 20:32:34.400090
Coinbase aims to make crypto as easy as buying a 'candy bar',TheStreet,2025-07-14 20:11:34.401392,2025-07-14 20:32:34.401515
Why BitMine Immersion Technologies Stock Is Jumping Today,Motley Fool,2025-07-14 19:48:34.402660,2025-07-14 20:32:34.402775
200 million reasons NFTs will never die,TheStreet,2025-07-14 19:45:34.403871,2025-07-14 20:32:34.404003
Crypto Treasury Companies Explode Bitcoin and Ethereum Higher,TheStreet,2025-07-14 19:44:34.405093,2025-07-14 20:32:34.405203
"Vanguard Goes Big on Crypto, Thanks to Index Boom It Unleashed",Bloomberg,2025-07-14 19:33:34.406286,2025-07-14 20:32:34.406402
JPMorgan to charge fintechs for customer data access,Retail Banker International,2025-07-14 19:32:34.407252,2025-07-14 20:32:34.407362
Bitcoin's Unstoppable Rise: 5 Reasons $150k is Next,Zacks,2025-07-14 19:32:34.408184,2025-07-14 20:32:34.408290
"As the browser wars heat up, here are the hottest alternatives to Chrome and Safari in 2025",TechCrunch,2025-07-14 19:32:34.410007,2025-07-14 20:32:34.410115
"House Gears Up for Crypto Market Structure Vote on Wednesday, Stablecoins Thursday",CoinDesk,2025-07-14 18:32:34.413801,2025-07-14 20:32:34.413909
Why Bittensor Is AI’s Best Next-Gen Incubator,CoinDesk,2025-07-14 18:32:34.416578,2025-07-14 20:32:34.416683
Anti-Bitcoin Vanguard Might Be the Largest Institutional Holder of MSTR Stock,CoinDesk,2025-07-14 19:28:41.106980,2025-07-14 21:28:41.107086
"The Node: GENIUS, Clarity and a CBDC Ban",CoinDesk,2025-07-14 19:28:41.107903,2025-07-14 21:28:41.108008
Crypto Markets Bifurcate With Institutions Focusing on BTC and ETH While Retail Chases Alts: Wintermute,CoinDesk,2025-07-14 18:28:41.111504,2025-07-14 21:28:41.111627
ICP Rebounds Toward $5.50 After Early Morning Surge and Midday Volatility,CoinDesk,2025-07-14 18:28:41.112415,2025-07-14 21:28:41.112540
1 in 5 Americans eat chocolate daily. The same number own crypto,TheStreet,2025-07-14 20:45:10.596142,2025-07-14 21:45:10.596252
"Bitcoin breaks $123,000 price record as lawmakers begin 'Crypto Week' in Washington",Fox Business,2025-07-14 19:45:10.600739,2025-07-14 21:45:10.600848
Are Major Price Swings on the Horizon for XRP?,CoinDesk,2025-07-14 19:45:10.603349,2025-07-14 21:45:10.603456
How many credit cards is too many?,Yahoo Personal Finance,2025-07-14 21:58:03.392665,2025-07-14 22:31:03.393640
ETFs to Consider as Bitcoin Climbs to Record Levels,Zacks,2025-07-14 21:31:03.394580,2025-07-14 22:31:03.394704
"U.S. Banking Regulators Issue Crypto 'Safekeeping' Statement, Not Pushing New Policy",CoinDesk,2025-07-14 19:31:03.404770,2025-07-14 22:31:03.404872
"Bitcoin Market Top Is 'Nowhere Near,' Say Analysts as Price Pauses at $120K",CoinDesk,2025-07-14 20:27:10.377777,2025-07-14 23:27:10.377890
It's Crypto Week. Congress Can Future-Proof the U.S. Financial System: Summer Mersinger,CoinDesk,2025-07-14 20:27:10.382543,2025-07-14 23:27:10.382661
"XRP nears all-time high, with a $3 breakout edging closer",TheStreet,2025-07-15 00:28:05.196574,2025-07-15 02:28:05.197520
Bitcoin Soars As Congress Starts 'Crypto Week',Bloomberg,2025-07-14 23:28:05.198502,2025-07-15 02:28:05.198624
TikTok Adds Scheduling Options in Post Composer,Social Media Today,2025-07-14 19:28:05.210516,2025-07-15 02:28:05.210619
Morning Bid: US earnings to shed light on tariff impact,Reuters,2025-07-15 04:32:23.511721,2025-07-15 04:47:23.512687
"StanChart launches bitcoin, ether spot trading for institutional clients",Reuters,2025-07-15 07:03:36.025102,2025-07-15 07:31:36.026090
Cathie Wood Thinks AI Will Create a $13 Trillion Software Opportunity -- 2 Unstoppable Stocks to Buy if She's Right,Motley Fool,2025-07-15 08:13:36.550125,2025-07-15 08:39:36.551093
Prediction: XRP (Ripple) Will Be Worth This Much in 10 Years,Motley Fool,2025-07-15 07:39:36.552081,2025-07-15 08:39:36.552209
XRP Tumbles 8% as Token Sees Resistance at $3 Ahead of ProShares ETF Launch,CoinDesk,2025-07-15 06:39:36.553979,2025-07-15 08:39:36.554087
DOGE Plunges 10% Before Quick Recovery Rally on Institutional Volume Spike,CoinDesk,2025-07-15 05:39:36.554915,2025-07-15 08:39:36.555025
Dogecoin Leads Losses Among Majors as Profit-Taking Grips Crypto Market,CoinDesk,2025-07-15 05:39:36.555831,2025-07-15 08:39:36.555938
Which Cryptocurrency Is More Likely to Be a Millionaire-Maker? XRP vs. Solana,Motley Fool,2025-07-15 09:00:13.357746,2025-07-15 09:37:13.358736
3 Factors Behind Bitcoin's Latest Record High. Will This Major Cryptocurrency Continue to Rise?,Motley Fool,2025-07-15 08:37:13.359753,2025-07-15 09:37:13.359896
4 Reasons to Buy Cardano Before 2025 Ends,Motley Fool,2025-07-15 10:01:00.377630,2025-07-15 10:35:00.378598
"1 Top Cryptocurrency to Buy Before It Soars 1,850%, According to VanEck",Motley Fool,2025-07-15 09:46:00.379879,2025-07-15 10:35:00.380005
"These 4 areas of the market are set to get a boost from the stablecoin boom, BofA says",Business Insider,2025-07-15 09:35:00.380870,2025-07-15 10:35:00.380981
"Standard Chartered Says It’s the First Global Bank to Offer Spot Bitcoin, Ether Trading",CoinDesk,2025-07-15 07:35:00.385583,2025-07-15 10:35:00.385700
"A Single Investment Could Have Turned $1,000 Into More Than $30 Million",Motley Fool,2025-07-15 10:30:38.668016,2025-07-15 11:26:38.669018
Amazon Web Services CEO Matt Garman talks about why the company lagged rivals in AI—until now,Fortune,2025-07-15 09:26:38.672980,2025-07-15 11:26:38.673087
"Standard Chartered launches bitcoin, ether spot trading for institutional clients",Reuters,2025-07-15 07:26:38.678602,2025-07-15 11:26:38.678706
Where Will Circle Internet Stock Be in 1 Year?,Motley Fool,2025-07-15 12:01:03.657763,2025-07-15 13:01:03.657894
Bitcoin’s price rise is fueled by billions in traditional money coming from Wall Street,Fortune,2025-07-15 11:01:03.659726,2025-07-15 13:01:03.659838
"Function Raises $10M to Bring Yield to Bitcoin; Gets Backing From Galaxy Digital, Antalpha, and Mantle",CoinDesk,2025-07-15 10:01:03.661594,2025-07-15 13:01:03.661703
Bitcoin's Volatility Will Continue to Decline as Adoption Grows: Deutsche Bank,CoinDesk,2025-07-15 10:01:03.662511,2025-07-15 13:01:03.662617
"Bitcoin, XRP Open Interest Nears Record High as Bull Market Pullback Unfolds",CoinDesk,2025-07-15 10:01:03.665268,2025-07-15 13:01:03.665371
Bitcoin Rally Stalls as Long-Term Holders Cash Out,CoinDesk,2025-07-15 10:01:03.666143,2025-07-15 13:01:03.666264
